date,storeId,productId,productName,category,unitsSold
2026-03-03,store_freshmart_01,prod_milk_01,Fresh Organic Whole Milk (1L),DAIRY,40
2026-03-03,store_freshmart_01,prod_bread_01,Artisan Whole Wheat Bread,BAKERY,30
2026-03-03,store_freshmart_01,prod_croissant_01,Butter Croissants 4-Pack,BAKERY,24
2026-03-03,store_freshmart_01,prod_tomatoes_01,Organic Roma Tomatoes (1kg),PRODUCE,37
2026-03-03,store_freshmart_01,prod_chicken_01,Fresh Chicken Breast (500g),MEAT,23
2026-03-03,store_freshmart_01,prod_yogurt_01,Greek Style Yogurt (500g),DAIRY,19
2026-03-03,store_freshmart_01,prod_rice_01,Basmati Rice (1kg),PANTRY,32
2026-03-03,store_freshmart_01,prod_apples_01,Royal Gala Apples (1kg),PRODUCE,28
2026-03-03,store_bakerydelight_02,prod_milk_01,Fresh Organic Whole Milk (1L),DAIRY,37
2026-03-03,store_bakerydelight_02,prod_bread_01,Artisan Whole Wheat Bread,BAKERY,32
2026-03-03,store_bakerydelight_02,prod_croissant_01,Butter Croissants 4-Pack,BAKERY,20
2026-03-03,store_bakerydelight_02,prod_tomatoes_01,Organic Roma Tomatoes (1kg),PRODUCE,31
2026-03-03,store_bakerydelight_02,prod_chicken_01,Fresh Chicken Breast (500g),MEAT,25
2026-03-03,store_bakerydelight_02,prod_yogurt_01,Greek Style Yogurt (500g),DAIRY,14
2026-03-03,store_bakerydelight_02,prod_rice_01,Basmati Rice (1kg),PANTRY,22
2026-03-03,store_bakerydelight_02,prod_apples_01,Royal Gala Apples (1kg),PRODUCE,24
2026-03-04,store_freshmart_01,prod_milk_01,Fresh Organic Whole Milk (1L),DAIRY,35
2026-03-04,store_freshmart_01,prod_bread_01,Artisan Whole Wheat Bread,BAKERY,31
2026-03-04,store_freshmart_01,prod_croissant_01,Butter Croissants 4-Pack,BAKERY,19
2026-03-04,store_freshmart_01,prod_tomatoes_01,Organic Roma Tomatoes (1kg),PRODUCE,28
2026-03-04,store_freshmart_01,prod_chicken_01,Fresh Chicken Breast (500g),MEAT,28
2026-03-04,store_freshmart_01,prod_yogurt_01,Greek Style Yogurt (500g),DAIRY,19
2026-03-04,store_freshmart_01,prod_rice_01,Basmati Rice (1kg),PANTRY,27
2026-03-04,store_freshmart_01,prod_apples_01,Royal Gala Apples (1kg),PRODUCE,22
2026-03-04,store_bakerydelight_02,prod_milk_01,Fresh Organic Whole Milk (1L),DAIRY,36
2026-03-04,store_bakerydelight_02,prod_bread_01,Artisan Whole Wheat Bread,BAKERY,31
2026-03-04,store_bakerydelight_02,prod_croissant_01,Butter Croissants 4-Pack,BAKERY,18
2026-03-04,store_bakerydelight_02,prod_tomatoes_01,Organic Roma Tomatoes (1kg),PRODUCE,34
2026-03-04,store_bakerydelight_02,prod_chicken_01,Fresh Chicken Breast (500g),MEAT,22
2026-03-04,store_bakerydelight_02,prod_yogurt_01,Greek Style Yogurt (500g),DAIRY,19
2026-03-04,store_bakerydelight_02,prod_rice_01,Basmati Rice (1kg),PANTRY,25
2026-03-04,store_bakerydelight_02,prod_apples_01,Royal Gala Apples (1kg),PRODUCE,32
2026-03-05,store_freshmart_01,prod_milk_01,Fresh Organic Whole Milk (1L),DAIRY,38
2026-03-05,store_freshmart_01,prod_bread_01,Artisan Whole Wheat Bread,BAKERY,27
2026-03-05,store_freshmart_01,prod_croissant_01,Butter Croissants 4-Pack,BAKERY,24
2026-03-05,store_freshmart_01,prod_tomatoes_01,Organic Roma Tomatoes (1kg),PRODUCE,29
2026-03-05,store_freshmart_01,prod_chicken_01,Fresh Chicken Breast (500g),MEAT,25
2026-03-05,store_freshmart_01,prod_yogurt_01,Greek Style Yogurt (500g),DAIRY,14
2026-03-05,store_freshmart_01,prod_rice_01,Basmati Rice (1kg),PANTRY,23
2026-03-05,store_freshmart_01,prod_apples_01,Royal Gala Apples (1kg),PRODUCE,27
2026-03-05,store_bakerydelight_02,prod_milk_01,Fresh Organic Whole Milk (1L),DAIRY,40
2026-03-05,store_bakerydelight_02,prod_bread_01,Artisan Whole Wheat Bread,BAKERY,31
2026-03-05,store_bakerydelight_02,prod_croissant_01,Butter Croissants 4-Pack,BAKERY,21
2026-03-05,store_bakerydelight_02,prod_tomatoes_01,Organic Roma Tomatoes (1kg),PRODUCE,32
2026-03-05,store_bakerydelight_02,prod_chicken_01,Fresh Chicken Breast (500g),MEAT,20
2026-03-05,store_bakerydelight_02,prod_yogurt_01,Greek Style Yogurt (500g),DAIRY,17
2026-03-05,store_bakerydelight_02,prod_rice_01,Basmati Rice (1kg),PANTRY,26
2026-03-05,store_bakerydelight_02,prod_apples_01,Royal Gala Apples (1kg),PRODUCE,29
2026-03-06,store_freshmart_01,prod_milk_01,Fresh Organic Whole Milk (1L),DAIRY,39
2026-03-06,store_freshmart_01,prod_bread_01,Artisan Whole Wheat Bread,BAKERY,25
2026-03-06,store_freshmart_01,prod_croissant_01,Butter Croissants 4-Pack,BAKERY,23
2026-03-06,store_freshmart_01,prod_tomatoes_01,Organic Roma Tomatoes (1kg),PRODUCE,32
2026-03-06,store_freshmart_01,prod_chicken_01,Fresh Chicken Breast (500g),MEAT,22
2026-03-06,store_freshmart_01,prod_yogurt_01,Greek Style Yogurt (500g),DAIRY,21
2026-03-06,store_freshmart_01,prod_rice_01,Basmati Rice (1kg),PANTRY,30
2026-03-06,store_freshmart_01,prod_apples_01,Royal Gala Apples (1kg),PRODUCE,29
2026-03-06,store_bakerydelight_02,prod_milk_01,Fresh Organic Whole Milk (1L),DAIRY,36
2026-03-06,store_bakerydelight_02,prod_bread_01,Artisan Whole Wheat Bread,BAKERY,30
2026-03-06,store_bakerydelight_02,prod_croissant_01,Butter Croissants 4-Pack,BAKERY,23
2026-03-06,store_bakerydelight_02,prod_tomatoes_01,Organic Roma Tomatoes (1kg),PRODUCE,36
2026-03-06,store_bakerydelight_02,prod_chicken_01,Fresh Chicken Breast (500g),MEAT,23
2026-03-06,store_bakerydelight_02,prod_yogurt_01,Greek Style Yogurt (500g),DAIRY,19
2026-03-06,store_bakerydelight_02,prod_rice_01,Basmati Rice (1kg),PANTRY,24
2026-03-06,store_bakerydelight_02,prod_apples_01,Royal Gala Apples (1kg),PRODUCE,23
2026-03-07,store_freshmart_01,prod_milk_01,Fresh Organic Whole Milk (1L),DAIRY,54
2026-03-07,store_freshmart_01,prod_bread_01,Artisan Whole Wheat Bread,BAKERY,45
2026-03-07,store_freshmart_01,prod_croissant_01,Butter Croissants 4-Pack,BAKERY,29
2026-03-07,store_freshmart_01,prod_tomatoes_01,Organic Roma Tomatoes (1kg),PRODUCE,47
2026-03-07,store_freshmart_01,prod_chicken_01,Fresh Chicken Breast (500g),MEAT,33
2026-03-07,store_freshmart_01,prod_yogurt_01,Greek Style Yogurt (500g),DAIRY,25
2026-03-07,store_freshmart_01,prod_rice_01,Basmati Rice (1kg),PANTRY,38
2026-03-07,store_freshmart_01,prod_apples_01,Royal Gala Apples (1kg),PRODUCE,40
2026-03-07,store_bakerydelight_02,prod_milk_01,Fresh Organic Whole Milk (1L),DAIRY,51
2026-03-07,store_bakerydelight_02,prod_bread_01,Artisan Whole Wheat Bread,BAKERY,46
2026-03-07,store_bakerydelight_02,prod_croissant_01,Butter Croissants 4-Pack,BAKERY,22
2026-03-07,store_bakerydelight_02,prod_tomatoes_01,Organic Roma Tomatoes (1kg),PRODUCE,47
2026-03-07,store_bakerydelight_02,prod_chicken_01,Fresh Chicken Breast (500g),MEAT,33
2026-03-07,store_bakerydelight_02,prod_yogurt_01,Greek Style Yogurt (500g),DAIRY,26
2026-03-07,store_bakerydelight_02,prod_rice_01,Basmati Rice (1kg),PANTRY,37
2026-03-07,store_bakerydelight_02,prod_apples_01,Royal Gala Apples (1kg),PRODUCE,29
2026-03-08,store_freshmart_01,prod_milk_01,Fresh Organic Whole Milk (1L),DAIRY,51
2026-03-08,store_freshmart_01,prod_bread_01,Artisan Whole Wheat Bread,BAKERY,42
2026-03-08,store_freshmart_01,prod_croissant_01,Butter Croissants 4-Pack,BAKERY,34
2026-03-08,store_freshmart_01,prod_tomatoes_01,Organic Roma Tomatoes (1kg),PRODUCE,43
2026-03-08,store_freshmart_01,prod_chicken_01,Fresh Chicken Breast (500g),MEAT,30
2026-03-08,store_freshmart_01,prod_yogurt_01,Greek Style Yogurt (500g),DAIRY,25
2026-03-08,store_freshmart_01,prod_rice_01,Basmati Rice (1kg),PANTRY,40
2026-03-08,store_freshmart_01,prod_apples_01,Royal Gala Apples (1kg),PRODUCE,36
2026-03-08,store_bakerydelight_02,prod_milk_01,Fresh Organic Whole Milk (1L),DAIRY,50
2026-03-08,store_bakerydelight_02,prod_bread_01,Artisan Whole Wheat Bread,BAKERY,43
2026-03-08,store_bakerydelight_02,prod_croissant_01,Butter Croissants 4-Pack,BAKERY,30
2026-03-08,store_bakerydelight_02,prod_tomatoes_01,Organic Roma Tomatoes (1kg),PRODUCE,47
2026-03-08,store_bakerydelight_02,prod_chicken_01,Fresh Chicken Breast (500g),MEAT,30
2026-03-08,store_bakerydelight_02,prod_yogurt_01,Greek Style Yogurt (500g),DAIRY,26
2026-03-08,store_bakerydelight_02,prod_rice_01,Basmati Rice (1kg),PANTRY,36
2026-03-08,store_bakerydelight_02,prod_apples_01,Royal Gala Apples (1kg),PRODUCE,31
2026-03-09,store_freshmart_01,prod_milk_01,Fresh Organic Whole Milk (1L),DAIRY,39
2026-03-09,store_freshmart_01,prod_bread_01,Artisan Whole Wheat Bread,BAKERY,31
2026-03-09,store_freshmart_01,prod_croissant_01,Butter Croissants 4-Pack,BAKERY,22
2026-03-09,store_freshmart_01,prod_tomatoes_01,Organic Roma Tomatoes (1kg),PRODUCE,32
2026-03-09,store_freshmart_01,prod_chicken_01,Fresh Chicken Breast (500g),MEAT,20
2026-03-09,store_freshmart_01,prod_yogurt_01,Greek Style Yogurt (500g),DAIRY,18
2026-03-09,store_freshmart_01,prod_rice_01,Basmati Rice (1kg),PANTRY,26
2026-03-09,store_freshmart_01,prod_apples_01,Royal Gala Apples (1kg),PRODUCE,24
2026-03-09,store_bakerydelight_02,prod_milk_01,Fresh Organic Whole Milk (1L),DAIRY,38
2026-03-09,store_bakerydelight_02,prod_bread_01,Artisan Whole Wheat Bread,BAKERY,32
2026-03-09,store_bakerydelight_02,prod_croissant_01,Butter Croissants 4-Pack,BAKERY,27
2026-03-09,store_bakerydelight_02,prod_tomatoes_01,Organic Roma Tomatoes (1kg),PRODUCE,33
2026-03-09,store_bakerydelight_02,prod_chicken_01,Fresh Chicken Breast (500g),MEAT,25
2026-03-09,store_bakerydelight_02,prod_yogurt_01,Greek Style Yogurt (500g),DAIRY,19
2026-03-09,store_bakerydelight_02,prod_rice_01,Basmati Rice (1kg),PANTRY,22
2026-03-09,store_bakerydelight_02,prod_apples_01,Royal Gala Apples (1kg),PRODUCE,26
2026-03-10,store_freshmart_01,prod_milk_01,Fresh Organic Whole Milk (1L),DAIRY,38
2026-03-10,store_freshmart_01,prod_bread_01,Artisan Whole Wheat Bread,BAKERY,38
2026-03-10,store_freshmart_01,prod_croissant_01,Butter Croissants 4-Pack,BAKERY,21
2026-03-10,store_freshmart_01,prod_tomatoes_01,Organic Roma Tomatoes (1kg),PRODUCE,34
2026-03-10,store_freshmart_01,prod_chicken_01,Fresh Chicken Breast (500g),MEAT,24
2026-03-10,store_freshmart_01,prod_yogurt_01,Greek Style Yogurt (500g),DAIRY,16
2026-03-10,store_freshmart_01,prod_rice_01,Basmati Rice (1kg),PANTRY,31
2026-03-10,store_freshmart_01,prod_apples_01,Royal Gala Apples (1kg),PRODUCE,28
2026-03-10,store_bakerydelight_02,prod_milk_01,Fresh Organic Whole Milk (1L),DAIRY,41
2026-03-10,store_bakerydelight_02,prod_bread_01,Artisan Whole Wheat Bread,BAKERY,28
2026-03-10,store_bakerydelight_02,prod_croissant_01,Butter Croissants 4-Pack,BAKERY,26
2026-03-10,store_bakerydelight_02,prod_tomatoes_01,Organic Roma Tomatoes (1kg),PRODUCE,29
2026-03-10,store_bakerydelight_02,prod_chicken_01,Fresh Chicken Breast (500g),MEAT,26
2026-03-10,store_bakerydelight_02,prod_yogurt_01,Greek Style Yogurt (500g),DAIRY,26
2026-03-10,store_bakerydelight_02,prod_rice_01,Basmati Rice (1kg),PANTRY,24
2026-03-10,store_bakerydelight_02,prod_apples_01,Royal Gala Apples (1kg),PRODUCE,25
2026-03-11,store_freshmart_01,prod_milk_01,Fresh Organic Whole Milk (1L),DAIRY,39
2026-03-11,store_freshmart_01,prod_bread_01,Artisan Whole Wheat Bread,BAKERY,29
2026-03-11,store_freshmart_01,prod_croissant_01,Butter Croissants 4-Pack,BAKERY,17
2026-03-11,store_freshmart_01,prod_tomatoes_01,Organic Roma Tomatoes (1kg),PRODUCE,33
2026-03-11,store_freshmart_01,prod_chicken_01,Fresh Chicken Breast (500g),MEAT,21
2026-03-11,store_freshmart_01,prod_yogurt_01,Greek Style Yogurt (500g),DAIRY,21
2026-03-11,store_freshmart_01,prod_rice_01,Basmati Rice (1kg),PANTRY,25
2026-03-11,store_freshmart_01,prod_apples_01,Royal Gala Apples (1kg),PRODUCE,31
2026-03-11,store_bakerydelight_02,prod_milk_01,Fresh Organic Whole Milk (1L),DAIRY,36
2026-03-11,store_bakerydelight_02,prod_bread_01,Artisan Whole Wheat Bread,BAKERY,30
2026-03-11,store_bakerydelight_02,prod_croissant_01,Butter Croissants 4-Pack,BAKERY,24
2026-03-11,store_bakerydelight_02,prod_tomatoes_01,Organic Roma Tomatoes (1kg),PRODUCE,29
2026-03-11,store_bakerydelight_02,prod_chicken_01,Fresh Chicken Breast (500g),MEAT,25
2026-03-11,store_bakerydelight_02,prod_yogurt_01,Greek Style Yogurt (500g),DAIRY,24
2026-03-11,store_bakerydelight_02,prod_rice_01,Basmati Rice (1kg),PANTRY,23
2026-03-11,store_bakerydelight_02,prod_apples_01,Royal Gala Apples (1kg),PRODUCE,27
2026-03-12,store_freshmart_01,prod_milk_01,Fresh Organic Whole Milk (1L),DAIRY,39
2026-03-12,store_freshmart_01,prod_bread_01,Artisan Whole Wheat Bread,BAKERY,33
2026-03-12,store_freshmart_01,prod_croissant_01,Butter Croissants 4-Pack,BAKERY,18
2026-03-12,store_freshmart_01,prod_tomatoes_01,Organic Roma Tomatoes (1kg),PRODUCE,29
2026-03-12,store_freshmart_01,prod_chicken_01,Fresh Chicken Breast (500g),MEAT,26
2026-03-12,store_freshmart_01,prod_yogurt_01,Greek Style Yogurt (500g),DAIRY,21
2026-03-12,store_freshmart_01,prod_rice_01,Basmati Rice (1kg),PANTRY,28
2026-03-12,store_freshmart_01,prod_apples_01,Royal Gala Apples (1kg),PRODUCE,27
2026-03-12,store_bakerydelight_02,prod_milk_01,Fresh Organic Whole Milk (1L),DAIRY,36
2026-03-12,store_bakerydelight_02,prod_bread_01,Artisan Whole Wheat Bread,BAKERY,31
2026-03-12,store_bakerydelight_02,prod_croissant_01,Butter Croissants 4-Pack,BAKERY,23
2026-03-12,store_bakerydelight_02,prod_tomatoes_01,Organic Roma Tomatoes (1kg),PRODUCE,31
2026-03-12,store_bakerydelight_02,prod_chicken_01,Fresh Chicken Breast (500g),MEAT,30
2026-03-12,store_bakerydelight_02,prod_yogurt_01,Greek Style Yogurt (500g),DAIRY,21
2026-03-12,store_bakerydelight_02,prod_rice_01,Basmati Rice (1kg),PANTRY,24
2026-03-12,store_bakerydelight_02,prod_apples_01,Royal Gala Apples (1kg),PRODUCE,28
2026-03-13,store_freshmart_01,prod_milk_01,Fresh Organic Whole Milk (1L),DAIRY,35
2026-03-13,store_freshmart_01,prod_bread_01,Artisan Whole Wheat Bread,BAKERY,33
2026-03-13,store_freshmart_01,prod_croissant_01,Butter Croissants 4-Pack,BAKERY,25
2026-03-13,store_freshmart_01,prod_tomatoes_01,Organic Roma Tomatoes (1kg),PRODUCE,30
2026-03-13,store_freshmart_01,prod_chicken_01,Fresh Chicken Breast (500g),MEAT,27
2026-03-13,store_freshmart_01,prod_yogurt_01,Greek Style Yogurt (500g),DAIRY,21
2026-03-13,store_freshmart_01,prod_rice_01,Basmati Rice (1kg),PANTRY,30
2026-03-13,store_freshmart_01,prod_apples_01,Royal Gala Apples (1kg),PRODUCE,32
2026-03-13,store_bakerydelight_02,prod_milk_01,Fresh Organic Whole Milk (1L),DAIRY,38
2026-03-13,store_bakerydelight_02,prod_bread_01,Artisan Whole Wheat Bread,BAKERY,28
2026-03-13,store_bakerydelight_02,prod_croissant_01,Butter Croissants 4-Pack,BAKERY,19
2026-03-13,store_bakerydelight_02,prod_tomatoes_01,Organic Roma Tomatoes (1kg),PRODUCE,30
2026-03-13,store_bakerydelight_02,prod_chicken_01,Fresh Chicken Breast (500g),MEAT,24
2026-03-13,store_bakerydelight_02,prod_yogurt_01,Greek Style Yogurt (500g),DAIRY,21
2026-03-13,store_bakerydelight_02,prod_rice_01,Basmati Rice (1kg),PANTRY,28
2026-03-13,store_bakerydelight_02,prod_apples_01,Royal Gala Apples (1kg),PRODUCE,29
2026-03-14,store_freshmart_01,prod_milk_01,Fresh Organic Whole Milk (1L),DAIRY,52
2026-03-14,store_freshmart_01,prod_bread_01,Artisan Whole Wheat Bread,BAKERY,46
2026-03-14,store_freshmart_01,prod_croissant_01,Butter Croissants 4-Pack,BAKERY,29
2026-03-14,store_freshmart_01,prod_tomatoes_01,Organic Roma Tomatoes (1kg),PRODUCE,53
2026-03-14,store_freshmart_01,prod_chicken_01,Fresh Chicken Breast (500g),MEAT,34
2026-03-14,store_freshmart_01,prod_yogurt_01,Greek Style Yogurt (500g),DAIRY,24
2026-03-14,store_freshmart_01,prod_rice_01,Basmati Rice (1kg),PANTRY,34
2026-03-14,store_freshmart_01,prod_apples_01,Royal Gala Apples (1kg),PRODUCE,37
2026-03-14,store_bakerydelight_02,prod_milk_01,Fresh Organic Whole Milk (1L),DAIRY,51
2026-03-14,store_bakerydelight_02,prod_bread_01,Artisan Whole Wheat Bread,BAKERY,44
2026-03-14,store_bakerydelight_02,prod_croissant_01,Butter Croissants 4-Pack,BAKERY,31
2026-03-14,store_bakerydelight_02,prod_tomatoes_01,Organic Roma Tomatoes (1kg),PRODUCE,44
2026-03-14,store_bakerydelight_02,prod_chicken_01,Fresh Chicken Breast (500g),MEAT,30
2026-03-14,store_bakerydelight_02,prod_yogurt_01,Greek Style Yogurt (500g),DAIRY,22
2026-03-14,store_bakerydelight_02,prod_rice_01,Basmati Rice (1kg),PANTRY,36
2026-03-14,store_bakerydelight_02,prod_apples_01,Royal Gala Apples (1kg),PRODUCE,38
2026-03-15,store_freshmart_01,prod_milk_01,Fresh Organic Whole Milk (1L),DAIRY,52
2026-03-15,store_freshmart_01,prod_bread_01,Artisan Whole Wheat Bread,BAKERY,38
2026-03-15,store_freshmart_01,prod_croissant_01,Butter Croissants 4-Pack,BAKERY,30
2026-03-15,store_freshmart_01,prod_tomatoes_01,Organic Roma Tomatoes (1kg),PRODUCE,46
2026-03-15,store_freshmart_01,prod_chicken_01,Fresh Chicken Breast (500g),MEAT,30
2026-03-15,store_freshmart_01,prod_yogurt_01,Greek Style Yogurt (500g),DAIRY,27
2026-03-15,store_freshmart_01,prod_rice_01,Basmati Rice (1kg),PANTRY,37
2026-03-15,store_freshmart_01,prod_apples_01,Royal Gala Apples (1kg),PRODUCE,32
2026-03-15,store_bakerydelight_02,prod_milk_01,Fresh Organic Whole Milk (1L),DAIRY,53
2026-03-15,store_bakerydelight_02,prod_bread_01,Artisan Whole Wheat Bread,BAKERY,43
2026-03-15,store_bakerydelight_02,prod_croissant_01,Butter Croissants 4-Pack,BAKERY,33
2026-03-15,store_bakerydelight_02,prod_tomatoes_01,Organic Roma Tomatoes (1kg),PRODUCE,48
2026-03-15,store_bakerydelight_02,prod_chicken_01,Fresh Chicken Breast (500g),MEAT,28
2026-03-15,store_bakerydelight_02,prod_yogurt_01,Greek Style Yogurt (500g),DAIRY,24
2026-03-15,store_bakerydelight_02,prod_rice_01,Basmati Rice (1kg),PANTRY,39
2026-03-15,store_bakerydelight_02,prod_apples_01,Royal Gala Apples (1kg),PRODUCE,37
2026-03-16,store_freshmart_01,prod_milk_01,Fresh Organic Whole Milk (1L),DAIRY,40
2026-03-16,store_freshmart_01,prod_bread_01,Artisan Whole Wheat Bread,BAKERY,42
2026-03-16,store_freshmart_01,prod_croissant_01,Butter Croissants 4-Pack,BAKERY,24
2026-03-16,store_freshmart_01,prod_tomatoes_01,Organic Roma Tomatoes (1kg),PRODUCE,36
2026-03-16,store_freshmart_01,prod_chicken_01,Fresh Chicken Breast (500g),MEAT,27
2026-03-16,store_freshmart_01,prod_yogurt_01,Greek Style Yogurt (500g),DAIRY,22
2026-03-16,store_freshmart_01,prod_rice_01,Basmati Rice (1kg),PANTRY,26
2026-03-16,store_freshmart_01,prod_apples_01,Royal Gala Apples (1kg),PRODUCE,29
2026-03-16,store_bakerydelight_02,prod_milk_01,Fresh Organic Whole Milk (1L),DAIRY,36
2026-03-16,store_bakerydelight_02,prod_bread_01,Artisan Whole Wheat Bread,BAKERY,30
2026-03-16,store_bakerydelight_02,prod_croissant_01,Butter Croissants 4-Pack,BAKERY,20
2026-03-16,store_bakerydelight_02,prod_tomatoes_01,Organic Roma Tomatoes (1kg),PRODUCE,33
2026-03-16,store_bakerydelight_02,prod_chicken_01,Fresh Chicken Breast (500g),MEAT,31
2026-03-16,store_bakerydelight_02,prod_yogurt_01,Greek Style Yogurt (500g),DAIRY,14
2026-03-16,store_bakerydelight_02,prod_rice_01,Basmati Rice (1kg),PANTRY,29
2026-03-16,store_bakerydelight_02,prod_apples_01,Royal Gala Apples (1kg),PRODUCE,21
2026-03-17,store_freshmart_01,prod_milk_01,Fresh Organic Whole Milk (1L),DAIRY,37
2026-03-17,store_freshmart_01,prod_bread_01,Artisan Whole Wheat Bread,BAKERY,34
2026-03-17,store_freshmart_01,prod_croissant_01,Butter Croissants 4-Pack,BAKERY,22
2026-03-17,store_freshmart_01,prod_tomatoes_01,Organic Roma Tomatoes (1kg),PRODUCE,30
2026-03-17,store_freshmart_01,prod_chicken_01,Fresh Chicken Breast (500g),MEAT,22
2026-03-17,store_freshmart_01,prod_yogurt_01,Greek Style Yogurt (500g),DAIRY,22
2026-03-17,store_freshmart_01,prod_rice_01,Basmati Rice (1kg),PANTRY,25
2026-03-17,store_freshmart_01,prod_apples_01,Royal Gala Apples (1kg),PRODUCE,27
2026-03-17,store_bakerydelight_02,prod_milk_01,Fresh Organic Whole Milk (1L),DAIRY,39
2026-03-17,store_bakerydelight_02,prod_bread_01,Artisan Whole Wheat Bread,BAKERY,29
2026-03-17,store_bakerydelight_02,prod_croissant_01,Butter Croissants 4-Pack,BAKERY,28
2026-03-17,store_bakerydelight_02,prod_tomatoes_01,Organic Roma Tomatoes (1kg),PRODUCE,35
2026-03-17,store_bakerydelight_02,prod_chicken_01,Fresh Chicken Breast (500g),MEAT,18
2026-03-17,store_bakerydelight_02,prod_yogurt_01,Greek Style Yogurt (500g),DAIRY,20
2026-03-17,store_bakerydelight_02,prod_rice_01,Basmati Rice (1kg),PANTRY,25
2026-03-17,store_bakerydelight_02,prod_apples_01,Royal Gala Apples (1kg),PRODUCE,29
2026-03-18,store_freshmart_01,prod_milk_01,Fresh Organic Whole Milk (1L),DAIRY,36
2026-03-18,store_freshmart_01,prod_bread_01,Artisan Whole Wheat Bread,BAKERY,30
2026-03-18,store_freshmart_01,prod_croissant_01,Butter Croissants 4-Pack,BAKERY,23
2026-03-18,store_freshmart_01,prod_tomatoes_01,Organic Roma Tomatoes (1kg),PRODUCE,36
2026-03-18,store_freshmart_01,prod_chicken_01,Fresh Chicken Breast (500g),MEAT,21
2026-03-18,store_freshmart_01,prod_yogurt_01,Greek Style Yogurt (500g),DAIRY,19
2026-03-18,store_freshmart_01,prod_rice_01,Basmati Rice (1kg),PANTRY,26
2026-03-18,store_freshmart_01,prod_apples_01,Royal Gala Apples (1kg),PRODUCE,24
2026-03-18,store_bakerydelight_02,prod_milk_01,Fresh Organic Whole Milk (1L),DAIRY,44
2026-03-18,store_bakerydelight_02,prod_bread_01,Artisan Whole Wheat Bread,BAKERY,32
2026-03-18,store_bakerydelight_02,prod_croissant_01,Butter Croissants 4-Pack,BAKERY,18
2026-03-18,store_bakerydelight_02,prod_tomatoes_01,Organic Roma Tomatoes (1kg),PRODUCE,36
2026-03-18,store_bakerydelight_02,prod_chicken_01,Fresh Chicken Breast (500g),MEAT,31
2026-03-18,store_bakerydelight_02,prod_yogurt_01,Greek Style Yogurt (500g),DAIRY,23
2026-03-18,store_bakerydelight_02,prod_rice_01,Basmati Rice (1kg),PANTRY,23
2026-03-18,store_bakerydelight_02,prod_apples_01,Royal Gala Apples (1kg),PRODUCE,25
2026-03-19,store_freshmart_01,prod_milk_01,Fresh Organic Whole Milk (1L),DAIRY,42
2026-03-19,store_freshmart_01,prod_bread_01,Artisan Whole Wheat Bread,BAKERY,29
2026-03-19,store_freshmart_01,prod_croissant_01,Butter Croissants 4-Pack,BAKERY,23
2026-03-19,store_freshmart_01,prod_tomatoes_01,Organic Roma Tomatoes (1kg),PRODUCE,35
2026-03-19,store_freshmart_01,prod_chicken_01,Fresh Chicken Breast (500g),MEAT,21
2026-03-19,store_freshmart_01,prod_yogurt_01,Greek Style Yogurt (500g),DAIRY,20
2026-03-19,store_freshmart_01,prod_rice_01,Basmati Rice (1kg),PANTRY,18
2026-03-19,store_freshmart_01,prod_apples_01,Royal Gala Apples (1kg),PRODUCE,23
2026-03-19,store_bakerydelight_02,prod_milk_01,Fresh Organic Whole Milk (1L),DAIRY,38
2026-03-19,store_bakerydelight_02,prod_bread_01,Artisan Whole Wheat Bread,BAKERY,27
2026-03-19,store_bakerydelight_02,prod_croissant_01,Butter Croissants 4-Pack,BAKERY,27
2026-03-19,store_bakerydelight_02,prod_tomatoes_01,Organic Roma Tomatoes (1kg),PRODUCE,29
2026-03-19,store_bakerydelight_02,prod_chicken_01,Fresh Chicken Breast (500g),MEAT,23
2026-03-19,store_bakerydelight_02,prod_yogurt_01,Greek Style Yogurt (500g),DAIRY,20
2026-03-19,store_bakerydelight_02,prod_rice_01,Basmati Rice (1kg),PANTRY,32
2026-03-19,store_bakerydelight_02,prod_apples_01,Royal Gala Apples (1kg),PRODUCE,22
2026-03-20,store_freshmart_01,prod_milk_01,Fresh Organic Whole Milk (1L),DAIRY,42
2026-03-20,store_freshmart_01,prod_bread_01,Artisan Whole Wheat Bread,BAKERY,31
2026-03-20,store_freshmart_01,prod_croissant_01,Butter Croissants 4-Pack,BAKERY,19
2026-03-20,store_freshmart_01,prod_tomatoes_01,Organic Roma Tomatoes (1kg),PRODUCE,34
2026-03-20,store_freshmart_01,prod_chicken_01,Fresh Chicken Breast (500g),MEAT,25
2026-03-20,store_freshmart_01,prod_yogurt_01,Greek Style Yogurt (500g),DAIRY,18
2026-03-20,store_freshmart_01,prod_rice_01,Basmati Rice (1kg),PANTRY,28
2026-03-20,store_freshmart_01,prod_apples_01,Royal Gala Apples (1kg),PRODUCE,25
2026-03-20,store_bakerydelight_02,prod_milk_01,Fresh Organic Whole Milk (1L),DAIRY,39
2026-03-20,store_bakerydelight_02,prod_bread_01,Artisan Whole Wheat Bread,BAKERY,33
2026-03-20,store_bakerydelight_02,prod_croissant_01,Butter Croissants 4-Pack,BAKERY,27
2026-03-20,store_bakerydelight_02,prod_tomatoes_01,Organic Roma Tomatoes (1kg),PRODUCE,29
2026-03-20,store_bakerydelight_02,prod_chicken_01,Fresh Chicken Breast (500g),MEAT,31
2026-03-20,store_bakerydelight_02,prod_yogurt_01,Greek Style Yogurt (500g),DAIRY,14
2026-03-20,store_bakerydelight_02,prod_rice_01,Basmati Rice (1kg),PANTRY,27
2026-03-20,store_bakerydelight_02,prod_apples_01,Royal Gala Apples (1kg),PRODUCE,28
2026-03-21,store_freshmart_01,prod_milk_01,Fresh Organic Whole Milk (1L),DAIRY,53
2026-03-21,store_freshmart_01,prod_bread_01,Artisan Whole Wheat Bread,BAKERY,40
2026-03-21,store_freshmart_01,prod_croissant_01,Butter Croissants 4-Pack,BAKERY,29
2026-03-21,store_freshmart_01,prod_tomatoes_01,Organic Roma Tomatoes (1kg),PRODUCE,43
2026-03-21,store_freshmart_01,prod_chicken_01,Fresh Chicken Breast (500g),MEAT,31
2026-03-21,store_freshmart_01,prod_yogurt_01,Greek Style Yogurt (500g),DAIRY,29
2026-03-21,store_freshmart_01,prod_rice_01,Basmati Rice (1kg),PANTRY,38
2026-03-21,store_freshmart_01,prod_apples_01,Royal Gala Apples (1kg),PRODUCE,34
2026-03-21,store_bakerydelight_02,prod_milk_01,Fresh Organic Whole Milk (1L),DAIRY,55
2026-03-21,store_bakerydelight_02,prod_bread_01,Artisan Whole Wheat Bread,BAKERY,42
2026-03-21,store_bakerydelight_02,prod_croissant_01,Butter Croissants 4-Pack,BAKERY,32
2026-03-21,store_bakerydelight_02,prod_tomatoes_01,Organic Roma Tomatoes (1kg),PRODUCE,46
2026-03-21,store_bakerydelight_02,prod_chicken_01,Fresh Chicken Breast (500g),MEAT,30
2026-03-21,store_bakerydelight_02,prod_yogurt_01,Greek Style Yogurt (500g),DAIRY,25
2026-03-21,store_bakerydelight_02,prod_rice_01,Basmati Rice (1kg),PANTRY,39
2026-03-21,store_bakerydelight_02,prod_apples_01,Royal Gala Apples (1kg),PRODUCE,37
2026-03-22,store_freshmart_01,prod_milk_01,Fresh Organic Whole Milk (1L),DAIRY,52
2026-03-22,store_freshmart_01,prod_bread_01,Artisan Whole Wheat Bread,BAKERY,42
2026-03-22,store_freshmart_01,prod_croissant_01,Butter Croissants 4-Pack,BAKERY,33
2026-03-22,store_freshmart_01,prod_tomatoes_01,Organic Roma Tomatoes (1kg),PRODUCE,43
2026-03-22,store_freshmart_01,prod_chicken_01,Fresh Chicken Breast (500g),MEAT,34
2026-03-22,store_freshmart_01,prod_yogurt_01,Greek Style Yogurt (500g),DAIRY,26
2026-03-22,store_freshmart_01,prod_rice_01,Basmati Rice (1kg),PANTRY,36
2026-03-22,store_freshmart_01,prod_apples_01,Royal Gala Apples (1kg),PRODUCE,39
2026-03-22,store_bakerydelight_02,prod_milk_01,Fresh Organic Whole Milk (1L),DAIRY,54
2026-03-22,store_bakerydelight_02,prod_bread_01,Artisan Whole Wheat Bread,BAKERY,44
2026-03-22,store_bakerydelight_02,prod_croissant_01,Butter Croissants 4-Pack,BAKERY,34
2026-03-22,store_bakerydelight_02,prod_tomatoes_01,Organic Roma Tomatoes (1kg),PRODUCE,45
2026-03-22,store_bakerydelight_02,prod_chicken_01,Fresh Chicken Breast (500g),MEAT,35
2026-03-22,store_bakerydelight_02,prod_yogurt_01,Greek Style Yogurt (500g),DAIRY,26
2026-03-22,store_bakerydelight_02,prod_rice_01,Basmati Rice (1kg),PANTRY,38
2026-03-22,store_bakerydelight_02,prod_apples_01,Royal Gala Apples (1kg),PRODUCE,35
2026-03-23,store_freshmart_01,prod_milk_01,Fresh Organic Whole Milk (1L),DAIRY,39
2026-03-23,store_freshmart_01,prod_bread_01,Artisan Whole Wheat Bread,BAKERY,33
2026-03-23,store_freshmart_01,prod_croissant_01,Butter Croissants 4-Pack,BAKERY,20
2026-03-23,store_freshmart_01,prod_tomatoes_01,Organic Roma Tomatoes (1kg),PRODUCE,39
2026-03-23,store_freshmart_01,prod_chicken_01,Fresh Chicken Breast (500g),MEAT,21
2026-03-23,store_freshmart_01,prod_yogurt_01,Greek Style Yogurt (500g),DAIRY,16
2026-03-23,store_freshmart_01,prod_rice_01,Basmati Rice (1kg),PANTRY,31
2026-03-23,store_freshmart_01,prod_apples_01,Royal Gala Apples (1kg),PRODUCE,29
2026-03-23,store_bakerydelight_02,prod_milk_01,Fresh Organic Whole Milk (1L),DAIRY,40
2026-03-23,store_bakerydelight_02,prod_bread_01,Artisan Whole Wheat Bread,BAKERY,33
2026-03-23,store_bakerydelight_02,prod_croissant_01,Butter Croissants 4-Pack,BAKERY,22
2026-03-23,store_bakerydelight_02,prod_tomatoes_01,Organic Roma Tomatoes (1kg),PRODUCE,30
2026-03-23,store_bakerydelight_02,prod_chicken_01,Fresh Chicken Breast (500g),MEAT,24
2026-03-23,store_bakerydelight_02,prod_yogurt_01,Greek Style Yogurt (500g),DAIRY,18
2026-03-23,store_bakerydelight_02,prod_rice_01,Basmati Rice (1kg),PANTRY,30
2026-03-23,store_bakerydelight_02,prod_apples_01,Royal Gala Apples (1kg),PRODUCE,26
2026-03-24,store_freshmart_01,prod_milk_01,Fresh Organic Whole Milk (1L),DAIRY,36
2026-03-24,store_freshmart_01,prod_bread_01,Artisan Whole Wheat Bread,BAKERY,30
2026-03-24,store_freshmart_01,prod_croissant_01,Butter Croissants 4-Pack,BAKERY,23
2026-03-24,store_freshmart_01,prod_tomatoes_01,Organic Roma Tomatoes (1kg),PRODUCE,31
2026-03-24,store_freshmart_01,prod_chicken_01,Fresh Chicken Breast (500g),MEAT,22
2026-03-24,store_freshmart_01,prod_yogurt_01,Greek Style Yogurt (500g),DAIRY,21
2026-03-24,store_freshmart_01,prod_rice_01,Basmati Rice (1kg),PANTRY,28
2026-03-24,store_freshmart_01,prod_apples_01,Royal Gala Apples (1kg),PRODUCE,25
2026-03-24,store_bakerydelight_02,prod_milk_01,Fresh Organic Whole Milk (1L),DAIRY,37
2026-03-24,store_bakerydelight_02,prod_bread_01,Artisan Whole Wheat Bread,BAKERY,31
2026-03-24,store_bakerydelight_02,prod_croissant_01,Butter Croissants 4-Pack,BAKERY,18
2026-03-24,store_bakerydelight_02,prod_tomatoes_01,Organic Roma Tomatoes (1kg),PRODUCE,29
2026-03-24,store_bakerydelight_02,prod_chicken_01,Fresh Chicken Breast (500g),MEAT,22
2026-03-24,store_bakerydelight_02,prod_yogurt_01,Greek Style Yogurt (500g),DAIRY,19
2026-03-24,store_bakerydelight_02,prod_rice_01,Basmati Rice (1kg),PANTRY,28
2026-03-24,store_bakerydelight_02,prod_apples_01,Royal Gala Apples (1kg),PRODUCE,31
2026-03-25,store_freshmart_01,prod_milk_01,Fresh Organic Whole Milk (1L),DAIRY,41
2026-03-25,store_freshmart_01,prod_bread_01,Artisan Whole Wheat Bread,BAKERY,30
2026-03-25,store_freshmart_01,prod_croissant_01,Butter Croissants 4-Pack,BAKERY,22
2026-03-25,store_freshmart_01,prod_tomatoes_01,Organic Roma Tomatoes (1kg),PRODUCE,30
2026-03-25,store_freshmart_01,prod_chicken_01,Fresh Chicken Breast (500g),MEAT,24
2026-03-25,store_freshmart_01,prod_yogurt_01,Greek Style Yogurt (500g),DAIRY,19
2026-03-25,store_freshmart_01,prod_rice_01,Basmati Rice (1kg),PANTRY,28
2026-03-25,store_freshmart_01,prod_apples_01,Royal Gala Apples (1kg),PRODUCE,24
2026-03-25,store_bakerydelight_02,prod_milk_01,Fresh Organic Whole Milk (1L),DAIRY,40
2026-03-25,store_bakerydelight_02,prod_bread_01,Artisan Whole Wheat Bread,BAKERY,35
2026-03-25,store_bakerydelight_02,prod_croissant_01,Butter Croissants 4-Pack,BAKERY,22
2026-03-25,store_bakerydelight_02,prod_tomatoes_01,Organic Roma Tomatoes (1kg),PRODUCE,34
2026-03-25,store_bakerydelight_02,prod_chicken_01,Fresh Chicken Breast (500g),MEAT,26
2026-03-25,store_bakerydelight_02,prod_yogurt_01,Greek Style Yogurt (500g),DAIRY,19
2026-03-25,store_bakerydelight_02,prod_rice_01,Basmati Rice (1kg),PANTRY,28
2026-03-25,store_bakerydelight_02,prod_apples_01,Royal Gala Apples (1kg),PRODUCE,26
2026-03-26,store_freshmart_01,prod_milk_01,Fresh Organic Whole Milk (1L),DAIRY,39
2026-03-26,store_freshmart_01,prod_bread_01,Artisan Whole Wheat Bread,BAKERY,28
2026-03-26,store_freshmart_01,prod_croissant_01,Butter Croissants 4-Pack,BAKERY,22
2026-03-26,store_freshmart_01,prod_tomatoes_01,Organic Roma Tomatoes (1kg),PRODUCE,34
2026-03-26,store_freshmart_01,prod_chicken_01,Fresh Chicken Breast (500g),MEAT,29
2026-03-26,store_freshmart_01,prod_yogurt_01,Greek Style Yogurt (500g),DAIRY,23
2026-03-26,store_freshmart_01,prod_rice_01,Basmati Rice (1kg),PANTRY,34
2026-03-26,store_freshmart_01,prod_apples_01,Royal Gala Apples (1kg),PRODUCE,24
2026-03-26,store_bakerydelight_02,prod_milk_01,Fresh Organic Whole Milk (1L),DAIRY,41
2026-03-26,store_bakerydelight_02,prod_bread_01,Artisan Whole Wheat Bread,BAKERY,31
2026-03-26,store_bakerydelight_02,prod_croissant_01,Butter Croissants 4-Pack,BAKERY,29
2026-03-26,store_bakerydelight_02,prod_tomatoes_01,Organic Roma Tomatoes (1kg),PRODUCE,31
2026-03-26,store_bakerydelight_02,prod_chicken_01,Fresh Chicken Breast (500g),MEAT,22
2026-03-26,store_bakerydelight_02,prod_yogurt_01,Greek Style Yogurt (500g),DAIRY,18
2026-03-26,store_bakerydelight_02,prod_rice_01,Basmati Rice (1kg),PANTRY,21
2026-03-26,store_bakerydelight_02,prod_apples_01,Royal Gala Apples (1kg),PRODUCE,25
2026-03-27,store_freshmart_01,prod_milk_01,Fresh Organic Whole Milk (1L),DAIRY,36
2026-03-27,store_freshmart_01,prod_bread_01,Artisan Whole Wheat Bread,BAKERY,31
2026-03-27,store_freshmart_01,prod_croissant_01,Butter Croissants 4-Pack,BAKERY,23
2026-03-27,store_freshmart_01,prod_tomatoes_01,Organic Roma Tomatoes (1kg),PRODUCE,39
2026-03-27,store_freshmart_01,prod_chicken_01,Fresh Chicken Breast (500g),MEAT,27
2026-03-27,store_freshmart_01,prod_yogurt_01,Greek Style Yogurt (500g),DAIRY,18
2026-03-27,store_freshmart_01,prod_rice_01,Basmati Rice (1kg),PANTRY,25
2026-03-27,store_freshmart_01,prod_apples_01,Royal Gala Apples (1kg),PRODUCE,28
2026-03-27,store_bakerydelight_02,prod_milk_01,Fresh Organic Whole Milk (1L),DAIRY,35
2026-03-27,store_bakerydelight_02,prod_bread_01,Artisan Whole Wheat Bread,BAKERY,36
2026-03-27,store_bakerydelight_02,prod_croissant_01,Butter Croissants 4-Pack,BAKERY,26
2026-03-27,store_bakerydelight_02,prod_tomatoes_01,Organic Roma Tomatoes (1kg),PRODUCE,32
2026-03-27,store_bakerydelight_02,prod_chicken_01,Fresh Chicken Breast (500g),MEAT,19
2026-03-27,store_bakerydelight_02,prod_yogurt_01,Greek Style Yogurt (500g),DAIRY,24
2026-03-27,store_bakerydelight_02,prod_rice_01,Basmati Rice (1kg),PANTRY,27
2026-03-27,store_bakerydelight_02,prod_apples_01,Royal Gala Apples (1kg),PRODUCE,30
2026-03-28,store_freshmart_01,prod_milk_01,Fresh Organic Whole Milk (1L),DAIRY,47
2026-03-28,store_freshmart_01,prod_bread_01,Artisan Whole Wheat Bread,BAKERY,40
2026-03-28,store_freshmart_01,prod_croissant_01,Butter Croissants 4-Pack,BAKERY,30
2026-03-28,store_freshmart_01,prod_tomatoes_01,Organic Roma Tomatoes (1kg),PRODUCE,45
2026-03-28,store_freshmart_01,prod_chicken_01,Fresh Chicken Breast (500g),MEAT,31
2026-03-28,store_freshmart_01,prod_yogurt_01,Greek Style Yogurt (500g),DAIRY,29
2026-03-28,store_freshmart_01,prod_rice_01,Basmati Rice (1kg),PANTRY,34
2026-03-28,store_freshmart_01,prod_apples_01,Royal Gala Apples (1kg),PRODUCE,35
2026-03-28,store_bakerydelight_02,prod_milk_01,Fresh Organic Whole Milk (1L),DAIRY,52
2026-03-28,store_bakerydelight_02,prod_bread_01,Artisan Whole Wheat Bread,BAKERY,43
2026-03-28,store_bakerydelight_02,prod_croissant_01,Butter Croissants 4-Pack,BAKERY,32
2026-03-28,store_bakerydelight_02,prod_tomatoes_01,Organic Roma Tomatoes (1kg),PRODUCE,41
2026-03-28,store_bakerydelight_02,prod_chicken_01,Fresh Chicken Breast (500g),MEAT,28
2026-03-28,store_bakerydelight_02,prod_yogurt_01,Greek Style Yogurt (500g),DAIRY,31
2026-03-28,store_bakerydelight_02,prod_rice_01,Basmati Rice (1kg),PANTRY,38
2026-03-28,store_bakerydelight_02,prod_apples_01,Royal Gala Apples (1kg),PRODUCE,33
2026-03-29,store_freshmart_01,prod_milk_01,Fresh Organic Whole Milk (1L),DAIRY,57
2026-03-29,store_freshmart_01,prod_bread_01,Artisan Whole Wheat Bread,BAKERY,42
2026-03-29,store_freshmart_01,prod_croissant_01,Butter Croissants 4-Pack,BAKERY,33
2026-03-29,store_freshmart_01,prod_tomatoes_01,Organic Roma Tomatoes (1kg),PRODUCE,45
2026-03-29,store_freshmart_01,prod_chicken_01,Fresh Chicken Breast (500g),MEAT,39
2026-03-29,store_freshmart_01,prod_yogurt_01,Greek Style Yogurt (500g),DAIRY,32
2026-03-29,store_freshmart_01,prod_rice_01,Basmati Rice (1kg),PANTRY,36
2026-03-29,store_freshmart_01,prod_apples_01,Royal Gala Apples (1kg),PRODUCE,39
2026-03-29,store_bakerydelight_02,prod_milk_01,Fresh Organic Whole Milk (1L),DAIRY,54
2026-03-29,store_bakerydelight_02,prod_bread_01,Artisan Whole Wheat Bread,BAKERY,46
2026-03-29,store_bakerydelight_02,prod_croissant_01,Butter Croissants 4-Pack,BAKERY,27
2026-03-29,store_bakerydelight_02,prod_tomatoes_01,Organic Roma Tomatoes (1kg),PRODUCE,47
2026-03-29,store_bakerydelight_02,prod_chicken_01,Fresh Chicken Breast (500g),MEAT,36
2026-03-29,store_bakerydelight_02,prod_yogurt_01,Greek Style Yogurt (500g),DAIRY,21
2026-03-29,store_bakerydelight_02,prod_rice_01,Basmati Rice (1kg),PANTRY,34
2026-03-29,store_bakerydelight_02,prod_apples_01,Royal Gala Apples (1kg),PRODUCE,30
2026-03-30,store_freshmart_01,prod_milk_01,Fresh Organic Whole Milk (1L),DAIRY,38
2026-03-30,store_freshmart_01,prod_bread_01,Artisan Whole Wheat Bread,BAKERY,33
2026-03-30,store_freshmart_01,prod_croissant_01,Butter Croissants 4-Pack,BAKERY,27
2026-03-30,store_freshmart_01,prod_tomatoes_01,Organic Roma Tomatoes (1kg),PRODUCE,33
2026-03-30,store_freshmart_01,prod_chicken_01,Fresh Chicken Breast (500g),MEAT,29
2026-03-30,store_freshmart_01,prod_yogurt_01,Greek Style Yogurt (500g),DAIRY,16
2026-03-30,store_freshmart_01,prod_rice_01,Basmati Rice (1kg),PANTRY,22
2026-03-30,store_freshmart_01,prod_apples_01,Royal Gala Apples (1kg),PRODUCE,26
2026-03-30,store_bakerydelight_02,prod_milk_01,Fresh Organic Whole Milk (1L),DAIRY,40
2026-03-30,store_bakerydelight_02,prod_bread_01,Artisan Whole Wheat Bread,BAKERY,31
2026-03-30,store_bakerydelight_02,prod_croissant_01,Butter Croissants 4-Pack,BAKERY,16
2026-03-30,store_bakerydelight_02,prod_tomatoes_01,Organic Roma Tomatoes (1kg),PRODUCE,33
2026-03-30,store_bakerydelight_02,prod_chicken_01,Fresh Chicken Breast (500g),MEAT,20
2026-03-30,store_bakerydelight_02,prod_yogurt_01,Greek Style Yogurt (500g),DAIRY,22
2026-03-30,store_bakerydelight_02,prod_rice_01,Basmati Rice (1kg),PANTRY,29
2026-03-30,store_bakerydelight_02,prod_apples_01,Royal Gala Apples (1kg),PRODUCE,24
2026-03-31,store_freshmart_01,prod_milk_01,Fresh Organic Whole Milk (1L),DAIRY,37
2026-03-31,store_freshmart_01,prod_bread_01,Artisan Whole Wheat Bread,BAKERY,28
2026-03-31,store_freshmart_01,prod_croissant_01,Butter Croissants 4-Pack,BAKERY,22
2026-03-31,store_freshmart_01,prod_tomatoes_01,Organic Roma Tomatoes (1kg),PRODUCE,36
2026-03-31,store_freshmart_01,prod_chicken_01,Fresh Chicken Breast (500g),MEAT,21
2026-03-31,store_freshmart_01,prod_yogurt_01,Greek Style Yogurt (500g),DAIRY,21
2026-03-31,store_freshmart_01,prod_rice_01,Basmati Rice (1kg),PANTRY,26
2026-03-31,store_freshmart_01,prod_apples_01,Royal Gala Apples (1kg),PRODUCE,24
2026-03-31,store_bakerydelight_02,prod_milk_01,Fresh Organic Whole Milk (1L),DAIRY,38
2026-03-31,store_bakerydelight_02,prod_bread_01,Artisan Whole Wheat Bread,BAKERY,28
2026-03-31,store_bakerydelight_02,prod_croissant_01,Butter Croissants 4-Pack,BAKERY,20
2026-03-31,store_bakerydelight_02,prod_tomatoes_01,Organic Roma Tomatoes (1kg),PRODUCE,29
2026-03-31,store_bakerydelight_02,prod_chicken_01,Fresh Chicken Breast (500g),MEAT,30
2026-03-31,store_bakerydelight_02,prod_yogurt_01,Greek Style Yogurt (500g),DAIRY,20
2026-03-31,store_bakerydelight_02,prod_rice_01,Basmati Rice (1kg),PANTRY,25
2026-03-31,store_bakerydelight_02,prod_apples_01,Royal Gala Apples (1kg),PRODUCE,27
2026-04-01,store_freshmart_01,prod_milk_01,Fresh Organic Whole Milk (1L),DAIRY,38
2026-04-01,store_freshmart_01,prod_bread_01,Artisan Whole Wheat Bread,BAKERY,30
2026-04-01,store_freshmart_01,prod_croissant_01,Butter Croissants 4-Pack,BAKERY,24
2026-04-01,store_freshmart_01,prod_tomatoes_01,Organic Roma Tomatoes (1kg),PRODUCE,35
2026-04-01,store_freshmart_01,prod_chicken_01,Fresh Chicken Breast (500g),MEAT,23
2026-04-01,store_freshmart_01,prod_yogurt_01,Greek Style Yogurt (500g),DAIRY,18
2026-04-01,store_freshmart_01,prod_rice_01,Basmati Rice (1kg),PANTRY,27
2026-04-01,store_freshmart_01,prod_apples_01,Royal Gala Apples (1kg),PRODUCE,19
2026-04-01,store_bakerydelight_02,prod_milk_01,Fresh Organic Whole Milk (1L),DAIRY,34
2026-04-01,store_bakerydelight_02,prod_bread_01,Artisan Whole Wheat Bread,BAKERY,35
2026-04-01,store_bakerydelight_02,prod_croissant_01,Butter Croissants 4-Pack,BAKERY,27
2026-04-01,store_bakerydelight_02,prod_tomatoes_01,Organic Roma Tomatoes (1kg),PRODUCE,32
2026-04-01,store_bakerydelight_02,prod_chicken_01,Fresh Chicken Breast (500g),MEAT,26
2026-04-01,store_bakerydelight_02,prod_yogurt_01,Greek Style Yogurt (500g),DAIRY,21
2026-04-01,store_bakerydelight_02,prod_rice_01,Basmati Rice (1kg),PANTRY,37
2026-04-01,store_bakerydelight_02,prod_apples_01,Royal Gala Apples (1kg),PRODUCE,30
2026-04-02,store_freshmart_01,prod_milk_01,Fresh Organic Whole Milk (1L),DAIRY,38
2026-04-02,store_freshmart_01,prod_bread_01,Artisan Whole Wheat Bread,BAKERY,28
2026-04-02,store_freshmart_01,prod_croissant_01,Butter Croissants 4-Pack,BAKERY,17
2026-04-02,store_freshmart_01,prod_tomatoes_01,Organic Roma Tomatoes (1kg),PRODUCE,34
2026-04-02,store_freshmart_01,prod_chicken_01,Fresh Chicken Breast (500g),MEAT,22
2026-04-02,store_freshmart_01,prod_yogurt_01,Greek Style Yogurt (500g),DAIRY,16
2026-04-02,store_freshmart_01,prod_rice_01,Basmati Rice (1kg),PANTRY,26
2026-04-02,store_freshmart_01,prod_apples_01,Royal Gala Apples (1kg),PRODUCE,23
2026-04-02,store_bakerydelight_02,prod_milk_01,Fresh Organic Whole Milk (1L),DAIRY,44
2026-04-02,store_bakerydelight_02,prod_bread_01,Artisan Whole Wheat Bread,BAKERY,33
2026-04-02,store_bakerydelight_02,prod_croissant_01,Butter Croissants 4-Pack,BAKERY,22
2026-04-02,store_bakerydelight_02,prod_tomatoes_01,Organic Roma Tomatoes (1kg),PRODUCE,37
2026-04-02,store_bakerydelight_02,prod_chicken_01,Fresh Chicken Breast (500g),MEAT,24
2026-04-02,store_bakerydelight_02,prod_yogurt_01,Greek Style Yogurt (500g),DAIRY,17
2026-04-02,store_bakerydelight_02,prod_rice_01,Basmati Rice (1kg),PANTRY,32
2026-04-02,store_bakerydelight_02,prod_apples_01,Royal Gala Apples (1kg),PRODUCE,28
2026-04-03,store_freshmart_01,prod_milk_01,Fresh Organic Whole Milk (1L),DAIRY,35
2026-04-03,store_freshmart_01,prod_bread_01,Artisan Whole Wheat Bread,BAKERY,30
2026-04-03,store_freshmart_01,prod_croissant_01,Butter Croissants 4-Pack,BAKERY,19
2026-04-03,store_freshmart_01,prod_tomatoes_01,Organic Roma Tomatoes (1kg),PRODUCE,29
2026-04-03,store_freshmart_01,prod_chicken_01,Fresh Chicken Breast (500g),MEAT,27
2026-04-03,store_freshmart_01,prod_yogurt_01,Greek Style Yogurt (500g),DAIRY,26
2026-04-03,store_freshmart_01,prod_rice_01,Basmati Rice (1kg),PANTRY,23
2026-04-03,store_freshmart_01,prod_apples_01,Royal Gala Apples (1kg),PRODUCE,28
2026-04-03,store_bakerydelight_02,prod_milk_01,Fresh Organic Whole Milk (1L),DAIRY,37
2026-04-03,store_bakerydelight_02,prod_bread_01,Artisan Whole Wheat Bread,BAKERY,29
2026-04-03,store_bakerydelight_02,prod_croissant_01,Butter Croissants 4-Pack,BAKERY,20
2026-04-03,store_bakerydelight_02,prod_tomatoes_01,Organic Roma Tomatoes (1kg),PRODUCE,30
2026-04-03,store_bakerydelight_02,prod_chicken_01,Fresh Chicken Breast (500g),MEAT,24
2026-04-03,store_bakerydelight_02,prod_yogurt_01,Greek Style Yogurt (500g),DAIRY,17
2026-04-03,store_bakerydelight_02,prod_rice_01,Basmati Rice (1kg),PANTRY,28
2026-04-03,store_bakerydelight_02,prod_apples_01,Royal Gala Apples (1kg),PRODUCE,26
2026-04-04,store_freshmart_01,prod_milk_01,Fresh Organic Whole Milk (1L),DAIRY,51
2026-04-04,store_freshmart_01,prod_bread_01,Artisan Whole Wheat Bread,BAKERY,39
2026-04-04,store_freshmart_01,prod_croissant_01,Butter Croissants 4-Pack,BAKERY,28
2026-04-04,store_freshmart_01,prod_tomatoes_01,Organic Roma Tomatoes (1kg),PRODUCE,47
2026-04-04,store_freshmart_01,prod_chicken_01,Fresh Chicken Breast (500g),MEAT,34
2026-04-04,store_freshmart_01,prod_yogurt_01,Greek Style Yogurt (500g),DAIRY,24
2026-04-04,store_freshmart_01,prod_rice_01,Basmati Rice (1kg),PANTRY,37
2026-04-04,store_freshmart_01,prod_apples_01,Royal Gala Apples (1kg),PRODUCE,38
2026-04-04,store_bakerydelight_02,prod_milk_01,Fresh Organic Whole Milk (1L),DAIRY,47
2026-04-04,store_bakerydelight_02,prod_bread_01,Artisan Whole Wheat Bread,BAKERY,43
2026-04-04,store_bakerydelight_02,prod_croissant_01,Butter Croissants 4-Pack,BAKERY,28
2026-04-04,store_bakerydelight_02,prod_tomatoes_01,Organic Roma Tomatoes (1kg),PRODUCE,46
2026-04-04,store_bakerydelight_02,prod_chicken_01,Fresh Chicken Breast (500g),MEAT,30
2026-04-04,store_bakerydelight_02,prod_yogurt_01,Greek Style Yogurt (500g),DAIRY,21
2026-04-04,store_bakerydelight_02,prod_rice_01,Basmati Rice (1kg),PANTRY,32
2026-04-04,store_bakerydelight_02,prod_apples_01,Royal Gala Apples (1kg),PRODUCE,36
2026-04-05,store_freshmart_01,prod_milk_01,Fresh Organic Whole Milk (1L),DAIRY,53
2026-04-05,store_freshmart_01,prod_bread_01,Artisan Whole Wheat Bread,BAKERY,39
2026-04-05,store_freshmart_01,prod_croissant_01,Butter Croissants 4-Pack,BAKERY,32
2026-04-05,store_freshmart_01,prod_tomatoes_01,Organic Roma Tomatoes (1kg),PRODUCE,40
2026-04-05,store_freshmart_01,prod_chicken_01,Fresh Chicken Breast (500g),MEAT,32
2026-04-05,store_freshmart_01,prod_yogurt_01,Greek Style Yogurt (500g),DAIRY,23
2026-04-05,store_freshmart_01,prod_rice_01,Basmati Rice (1kg),PANTRY,35
2026-04-05,store_freshmart_01,prod_apples_01,Royal Gala Apples (1kg),PRODUCE,36
2026-04-05,store_bakerydelight_02,prod_milk_01,Fresh Organic Whole Milk (1L),DAIRY,49
2026-04-05,store_bakerydelight_02,prod_bread_01,Artisan Whole Wheat Bread,BAKERY,40
2026-04-05,store_bakerydelight_02,prod_croissant_01,Butter Croissants 4-Pack,BAKERY,33
2026-04-05,store_bakerydelight_02,prod_tomatoes_01,Organic Roma Tomatoes (1kg),PRODUCE,43
2026-04-05,store_bakerydelight_02,prod_chicken_01,Fresh Chicken Breast (500g),MEAT,35
2026-04-05,store_bakerydelight_02,prod_yogurt_01,Greek Style Yogurt (500g),DAIRY,23
2026-04-05,store_bakerydelight_02,prod_rice_01,Basmati Rice (1kg),PANTRY,39
2026-04-05,store_bakerydelight_02,prod_apples_01,Royal Gala Apples (1kg),PRODUCE,40
2026-04-06,store_freshmart_01,prod_milk_01,Fresh Organic Whole Milk (1L),DAIRY,31
2026-04-06,store_freshmart_01,prod_bread_01,Artisan Whole Wheat Bread,BAKERY,28
2026-04-06,store_freshmart_01,prod_croissant_01,Butter Croissants 4-Pack,BAKERY,24
2026-04-06,store_freshmart_01,prod_tomatoes_01,Organic Roma Tomatoes (1kg),PRODUCE,32
2026-04-06,store_freshmart_01,prod_chicken_01,Fresh Chicken Breast (500g),MEAT,25
2026-04-06,store_freshmart_01,prod_yogurt_01,Greek Style Yogurt (500g),DAIRY,18
2026-04-06,store_freshmart_01,prod_rice_01,Basmati Rice (1kg),PANTRY,28
2026-04-06,store_freshmart_01,prod_apples_01,Royal Gala Apples (1kg),PRODUCE,26
2026-04-06,store_bakerydelight_02,prod_milk_01,Fresh Organic Whole Milk (1L),DAIRY,42
2026-04-06,store_bakerydelight_02,prod_bread_01,Artisan Whole Wheat Bread,BAKERY,32
2026-04-06,store_bakerydelight_02,prod_croissant_01,Butter Croissants 4-Pack,BAKERY,23
2026-04-06,store_bakerydelight_02,prod_tomatoes_01,Organic Roma Tomatoes (1kg),PRODUCE,32
2026-04-06,store_bakerydelight_02,prod_chicken_01,Fresh Chicken Breast (500g),MEAT,23
2026-04-06,store_bakerydelight_02,prod_yogurt_01,Greek Style Yogurt (500g),DAIRY,18
2026-04-06,store_bakerydelight_02,prod_rice_01,Basmati Rice (1kg),PANTRY,29
2026-04-06,store_bakerydelight_02,prod_apples_01,Royal Gala Apples (1kg),PRODUCE,25
2026-04-07,store_freshmart_01,prod_milk_01,Fresh Organic Whole Milk (1L),DAIRY,39
2026-04-07,store_freshmart_01,prod_bread_01,Artisan Whole Wheat Bread,BAKERY,37
2026-04-07,store_freshmart_01,prod_croissant_01,Butter Croissants 4-Pack,BAKERY,25
2026-04-07,store_freshmart_01,prod_tomatoes_01,Organic Roma Tomatoes (1kg),PRODUCE,32
2026-04-07,store_freshmart_01,prod_chicken_01,Fresh Chicken Breast (500g),MEAT,28
2026-04-07,store_freshmart_01,prod_yogurt_01,Greek Style Yogurt (500g),DAIRY,19
2026-04-07,store_freshmart_01,prod_rice_01,Basmati Rice (1kg),PANTRY,21
2026-04-07,store_freshmart_01,prod_apples_01,Royal Gala Apples (1kg),PRODUCE,23
2026-04-07,store_bakerydelight_02,prod_milk_01,Fresh Organic Whole Milk (1L),DAIRY,33
2026-04-07,store_bakerydelight_02,prod_bread_01,Artisan Whole Wheat Bread,BAKERY,30
2026-04-07,store_bakerydelight_02,prod_croissant_01,Butter Croissants 4-Pack,BAKERY,22
2026-04-07,store_bakerydelight_02,prod_tomatoes_01,Organic Roma Tomatoes (1kg),PRODUCE,38
2026-04-07,store_bakerydelight_02,prod_chicken_01,Fresh Chicken Breast (500g),MEAT,25
2026-04-07,store_bakerydelight_02,prod_yogurt_01,Greek Style Yogurt (500g),DAIRY,19
2026-04-07,store_bakerydelight_02,prod_rice_01,Basmati Rice (1kg),PANTRY,30
2026-04-07,store_bakerydelight_02,prod_apples_01,Royal Gala Apples (1kg),PRODUCE,20
2026-04-08,store_freshmart_01,prod_milk_01,Fresh Organic Whole Milk (1L),DAIRY,39
2026-04-08,store_freshmart_01,prod_bread_01,Artisan Whole Wheat Bread,BAKERY,33
2026-04-08,store_freshmart_01,prod_croissant_01,Butter Croissants 4-Pack,BAKERY,18
2026-04-08,store_freshmart_01,prod_tomatoes_01,Organic Roma Tomatoes (1kg),PRODUCE,36
2026-04-08,store_freshmart_01,prod_chicken_01,Fresh Chicken Breast (500g),MEAT,25
2026-04-08,store_freshmart_01,prod_yogurt_01,Greek Style Yogurt (500g),DAIRY,19
2026-04-08,store_freshmart_01,prod_rice_01,Basmati Rice (1kg),PANTRY,29
2026-04-08,store_freshmart_01,prod_apples_01,Royal Gala Apples (1kg),PRODUCE,33
2026-04-08,store_bakerydelight_02,prod_milk_01,Fresh Organic Whole Milk (1L),DAIRY,39
2026-04-08,store_bakerydelight_02,prod_bread_01,Artisan Whole Wheat Bread,BAKERY,32
2026-04-08,store_bakerydelight_02,prod_croissant_01,Butter Croissants 4-Pack,BAKERY,21
2026-04-08,store_bakerydelight_02,prod_tomatoes_01,Organic Roma Tomatoes (1kg),PRODUCE,30
2026-04-08,store_bakerydelight_02,prod_chicken_01,Fresh Chicken Breast (500g),MEAT,27
2026-04-08,store_bakerydelight_02,prod_yogurt_01,Greek Style Yogurt (500g),DAIRY,17
2026-04-08,store_bakerydelight_02,prod_rice_01,Basmati Rice (1kg),PANTRY,28
2026-04-08,store_bakerydelight_02,prod_apples_01,Royal Gala Apples (1kg),PRODUCE,25
2026-04-09,store_freshmart_01,prod_milk_01,Fresh Organic Whole Milk (1L),DAIRY,40
2026-04-09,store_freshmart_01,prod_bread_01,Artisan Whole Wheat Bread,BAKERY,32
2026-04-09,store_freshmart_01,prod_croissant_01,Butter Croissants 4-Pack,BAKERY,25
2026-04-09,store_freshmart_01,prod_tomatoes_01,Organic Roma Tomatoes (1kg),PRODUCE,31
2026-04-09,store_freshmart_01,prod_chicken_01,Fresh Chicken Breast (500g),MEAT,23
2026-04-09,store_freshmart_01,prod_yogurt_01,Greek Style Yogurt (500g),DAIRY,17
2026-04-09,store_freshmart_01,prod_rice_01,Basmati Rice (1kg),PANTRY,26
2026-04-09,store_freshmart_01,prod_apples_01,Royal Gala Apples (1kg),PRODUCE,28
2026-04-09,store_bakerydelight_02,prod_milk_01,Fresh Organic Whole Milk (1L),DAIRY,41
2026-04-09,store_bakerydelight_02,prod_bread_01,Artisan Whole Wheat Bread,BAKERY,28
2026-04-09,store_bakerydelight_02,prod_croissant_01,Butter Croissants 4-Pack,BAKERY,25
2026-04-09,store_bakerydelight_02,prod_tomatoes_01,Organic Roma Tomatoes (1kg),PRODUCE,37
2026-04-09,store_bakerydelight_02,prod_chicken_01,Fresh Chicken Breast (500g),MEAT,25
2026-04-09,store_bakerydelight_02,prod_yogurt_01,Greek Style Yogurt (500g),DAIRY,25
2026-04-09,store_bakerydelight_02,prod_rice_01,Basmati Rice (1kg),PANTRY,25
2026-04-09,store_bakerydelight_02,prod_apples_01,Royal Gala Apples (1kg),PRODUCE,23
2026-04-10,store_freshmart_01,prod_milk_01,Fresh Organic Whole Milk (1L),DAIRY,33
2026-04-10,store_freshmart_01,prod_bread_01,Artisan Whole Wheat Bread,BAKERY,35
2026-04-10,store_freshmart_01,prod_croissant_01,Butter Croissants 4-Pack,BAKERY,24
2026-04-10,store_freshmart_01,prod_tomatoes_01,Organic Roma Tomatoes (1kg),PRODUCE,33
2026-04-10,store_freshmart_01,prod_chicken_01,Fresh Chicken Breast (500g),MEAT,25
2026-04-10,store_freshmart_01,prod_yogurt_01,Greek Style Yogurt (500g),DAIRY,16
2026-04-10,store_freshmart_01,prod_rice_01,Basmati Rice (1kg),PANTRY,35
2026-04-10,store_freshmart_01,prod_apples_01,Royal Gala Apples (1kg),PRODUCE,27
2026-04-10,store_bakerydelight_02,prod_milk_01,Fresh Organic Whole Milk (1L),DAIRY,39
2026-04-10,store_bakerydelight_02,prod_bread_01,Artisan Whole Wheat Bread,BAKERY,33
2026-04-10,store_bakerydelight_02,prod_croissant_01,Butter Croissants 4-Pack,BAKERY,23
2026-04-10,store_bakerydelight_02,prod_tomatoes_01,Organic Roma Tomatoes (1kg),PRODUCE,34
2026-04-10,store_bakerydelight_02,prod_chicken_01,Fresh Chicken Breast (500g),MEAT,22
2026-04-10,store_bakerydelight_02,prod_yogurt_01,Greek Style Yogurt (500g),DAIRY,21
2026-04-10,store_bakerydelight_02,prod_rice_01,Basmati Rice (1kg),PANTRY,33
2026-04-10,store_bakerydelight_02,prod_apples_01,Royal Gala Apples (1kg),PRODUCE,30
2026-04-11,store_freshmart_01,prod_milk_01,Fresh Organic Whole Milk (1L),DAIRY,57
2026-04-11,store_freshmart_01,prod_bread_01,Artisan Whole Wheat Bread,BAKERY,40
2026-04-11,store_freshmart_01,prod_croissant_01,Butter Croissants 4-Pack,BAKERY,27
2026-04-11,store_freshmart_01,prod_tomatoes_01,Organic Roma Tomatoes (1kg),PRODUCE,44
2026-04-11,store_freshmart_01,prod_chicken_01,Fresh Chicken Breast (500g),MEAT,33
2026-04-11,store_freshmart_01,prod_yogurt_01,Greek Style Yogurt (500g),DAIRY,30
2026-04-11,store_freshmart_01,prod_rice_01,Basmati Rice (1kg),PANTRY,32
2026-04-11,store_freshmart_01,prod_apples_01,Royal Gala Apples (1kg),PRODUCE,40
2026-04-11,store_bakerydelight_02,prod_milk_01,Fresh Organic Whole Milk (1L),DAIRY,51
2026-04-11,store_bakerydelight_02,prod_bread_01,Artisan Whole Wheat Bread,BAKERY,40
2026-04-11,store_bakerydelight_02,prod_croissant_01,Butter Croissants 4-Pack,BAKERY,27
2026-04-11,store_bakerydelight_02,prod_tomatoes_01,Organic Roma Tomatoes (1kg),PRODUCE,40
2026-04-11,store_bakerydelight_02,prod_chicken_01,Fresh Chicken Breast (500g),MEAT,35
2026-04-11,store_bakerydelight_02,prod_yogurt_01,Greek Style Yogurt (500g),DAIRY,27
2026-04-11,store_bakerydelight_02,prod_rice_01,Basmati Rice (1kg),PANTRY,33
2026-04-11,store_bakerydelight_02,prod_apples_01,Royal Gala Apples (1kg),PRODUCE,32
2026-04-12,store_freshmart_01,prod_milk_01,Fresh Organic Whole Milk (1L),DAIRY,51
2026-04-12,store_freshmart_01,prod_bread_01,Artisan Whole Wheat Bread,BAKERY,47
2026-04-12,store_freshmart_01,prod_croissant_01,Butter Croissants 4-Pack,BAKERY,29
2026-04-12,store_freshmart_01,prod_tomatoes_01,Organic Roma Tomatoes (1kg),PRODUCE,40
2026-04-12,store_freshmart_01,prod_chicken_01,Fresh Chicken Breast (500g),MEAT,32
2026-04-12,store_freshmart_01,prod_yogurt_01,Greek Style Yogurt (500g),DAIRY,26
2026-04-12,store_freshmart_01,prod_rice_01,Basmati Rice (1kg),PANTRY,29
2026-04-12,store_freshmart_01,prod_apples_01,Royal Gala Apples (1kg),PRODUCE,35
2026-04-12,store_bakerydelight_02,prod_milk_01,Fresh Organic Whole Milk (1L),DAIRY,51
2026-04-12,store_bakerydelight_02,prod_bread_01,Artisan Whole Wheat Bread,BAKERY,44
2026-04-12,store_bakerydelight_02,prod_croissant_01,Butter Croissants 4-Pack,BAKERY,35
2026-04-12,store_bakerydelight_02,prod_tomatoes_01,Organic Roma Tomatoes (1kg),PRODUCE,48
2026-04-12,store_bakerydelight_02,prod_chicken_01,Fresh Chicken Breast (500g),MEAT,32
2026-04-12,store_bakerydelight_02,prod_yogurt_01,Greek Style Yogurt (500g),DAIRY,23
2026-04-12,store_bakerydelight_02,prod_rice_01,Basmati Rice (1kg),PANTRY,45
2026-04-12,store_bakerydelight_02,prod_apples_01,Royal Gala Apples (1kg),PRODUCE,36
2026-04-13,store_freshmart_01,prod_milk_01,Fresh Organic Whole Milk (1L),DAIRY,38
2026-04-13,store_freshmart_01,prod_bread_01,Artisan Whole Wheat Bread,BAKERY,31
2026-04-13,store_freshmart_01,prod_croissant_01,Butter Croissants 4-Pack,BAKERY,23
2026-04-13,store_freshmart_01,prod_tomatoes_01,Organic Roma Tomatoes (1kg),PRODUCE,33
2026-04-13,store_freshmart_01,prod_chicken_01,Fresh Chicken Breast (500g),MEAT,22
2026-04-13,store_freshmart_01,prod_yogurt_01,Greek Style Yogurt (500g),DAIRY,18
2026-04-13,store_freshmart_01,prod_rice_01,Basmati Rice (1kg),PANTRY,27
2026-04-13,store_freshmart_01,prod_apples_01,Royal Gala Apples (1kg),PRODUCE,25
2026-04-13,store_bakerydelight_02,prod_milk_01,Fresh Organic Whole Milk (1L),DAIRY,36
2026-04-13,store_bakerydelight_02,prod_bread_01,Artisan Whole Wheat Bread,BAKERY,31
2026-04-13,store_bakerydelight_02,prod_croissant_01,Butter Croissants 4-Pack,BAKERY,21
2026-04-13,store_bakerydelight_02,prod_tomatoes_01,Organic Roma Tomatoes (1kg),PRODUCE,37
2026-04-13,store_bakerydelight_02,prod_chicken_01,Fresh Chicken Breast (500g),MEAT,16
2026-04-13,store_bakerydelight_02,prod_yogurt_01,Greek Style Yogurt (500g),DAIRY,23
2026-04-13,store_bakerydelight_02,prod_rice_01,Basmati Rice (1kg),PANTRY,31
2026-04-13,store_bakerydelight_02,prod_apples_01,Royal Gala Apples (1kg),PRODUCE,20
2026-04-14,store_freshmart_01,prod_milk_01,Fresh Organic Whole Milk (1L),DAIRY,37
2026-04-14,store_freshmart_01,prod_bread_01,Artisan Whole Wheat Bread,BAKERY,30
2026-04-14,store_freshmart_01,prod_croissant_01,Butter Croissants 4-Pack,BAKERY,18
2026-04-14,store_freshmart_01,prod_tomatoes_01,Organic Roma Tomatoes (1kg),PRODUCE,31
2026-04-14,store_freshmart_01,prod_chicken_01,Fresh Chicken Breast (500g),MEAT,21
2026-04-14,store_freshmart_01,prod_yogurt_01,Greek Style Yogurt (500g),DAIRY,25
2026-04-14,store_freshmart_01,prod_rice_01,Basmati Rice (1kg),PANTRY,30
2026-04-14,store_freshmart_01,prod_apples_01,Royal Gala Apples (1kg),PRODUCE,30
2026-04-14,store_bakerydelight_02,prod_milk_01,Fresh Organic Whole Milk (1L),DAIRY,41
2026-04-14,store_bakerydelight_02,prod_bread_01,Artisan Whole Wheat Bread,BAKERY,27
2026-04-14,store_bakerydelight_02,prod_croissant_01,Butter Croissants 4-Pack,BAKERY,20
2026-04-14,store_bakerydelight_02,prod_tomatoes_01,Organic Roma Tomatoes (1kg),PRODUCE,34
2026-04-14,store_bakerydelight_02,prod_chicken_01,Fresh Chicken Breast (500g),MEAT,20
2026-04-14,store_bakerydelight_02,prod_yogurt_01,Greek Style Yogurt (500g),DAIRY,22
2026-04-14,store_bakerydelight_02,prod_rice_01,Basmati Rice (1kg),PANTRY,27
2026-04-14,store_bakerydelight_02,prod_apples_01,Royal Gala Apples (1kg),PRODUCE,25
2026-04-15,store_freshmart_01,prod_milk_01,Fresh Organic Whole Milk (1L),DAIRY,41
2026-04-15,store_freshmart_01,prod_bread_01,Artisan Whole Wheat Bread,BAKERY,32
2026-04-15,store_freshmart_01,prod_croissant_01,Butter Croissants 4-Pack,BAKERY,21
2026-04-15,store_freshmart_01,prod_tomatoes_01,Organic Roma Tomatoes (1kg),PRODUCE,36
2026-04-15,store_freshmart_01,prod_chicken_01,Fresh Chicken Breast (500g),MEAT,21
2026-04-15,store_freshmart_01,prod_yogurt_01,Greek Style Yogurt (500g),DAIRY,22
2026-04-15,store_freshmart_01,prod_rice_01,Basmati Rice (1kg),PANTRY,29
2026-04-15,store_freshmart_01,prod_apples_01,Royal Gala Apples (1kg),PRODUCE,25
2026-04-15,store_bakerydelight_02,prod_milk_01,Fresh Organic Whole Milk (1L),DAIRY,39
2026-04-15,store_bakerydelight_02,prod_bread_01,Artisan Whole Wheat Bread,BAKERY,27
2026-04-15,store_bakerydelight_02,prod_croissant_01,Butter Croissants 4-Pack,BAKERY,25
2026-04-15,store_bakerydelight_02,prod_tomatoes_01,Organic Roma Tomatoes (1kg),PRODUCE,32
2026-04-15,store_bakerydelight_02,prod_chicken_01,Fresh Chicken Breast (500g),MEAT,23
2026-04-15,store_bakerydelight_02,prod_yogurt_01,Greek Style Yogurt (500g),DAIRY,23
2026-04-15,store_bakerydelight_02,prod_rice_01,Basmati Rice (1kg),PANTRY,25
2026-04-15,store_bakerydelight_02,prod_apples_01,Royal Gala Apples (1kg),PRODUCE,22
2026-04-16,store_freshmart_01,prod_milk_01,Fresh Organic Whole Milk (1L),DAIRY,34
2026-04-16,store_freshmart_01,prod_bread_01,Artisan Whole Wheat Bread,BAKERY,33
2026-04-16,store_freshmart_01,prod_croissant_01,Butter Croissants 4-Pack,BAKERY,18
2026-04-16,store_freshmart_01,prod_tomatoes_01,Organic Roma Tomatoes (1kg),PRODUCE,38
2026-04-16,store_freshmart_01,prod_chicken_01,Fresh Chicken Breast (500g),MEAT,18
2026-04-16,store_freshmart_01,prod_yogurt_01,Greek Style Yogurt (500g),DAIRY,25
2026-04-16,store_freshmart_01,prod_rice_01,Basmati Rice (1kg),PANTRY,28
2026-04-16,store_freshmart_01,prod_apples_01,Royal Gala Apples (1kg),PRODUCE,26
2026-04-16,store_bakerydelight_02,prod_milk_01,Fresh Organic Whole Milk (1L),DAIRY,37
2026-04-16,store_bakerydelight_02,prod_bread_01,Artisan Whole Wheat Bread,BAKERY,32
2026-04-16,store_bakerydelight_02,prod_croissant_01,Butter Croissants 4-Pack,BAKERY,22
2026-04-16,store_bakerydelight_02,prod_tomatoes_01,Organic Roma Tomatoes (1kg),PRODUCE,36
2026-04-16,store_bakerydelight_02,prod_chicken_01,Fresh Chicken Breast (500g),MEAT,24
2026-04-16,store_bakerydelight_02,prod_yogurt_01,Greek Style Yogurt (500g),DAIRY,20
2026-04-16,store_bakerydelight_02,prod_rice_01,Basmati Rice (1kg),PANTRY,26
2026-04-16,store_bakerydelight_02,prod_apples_01,Royal Gala Apples (1kg),PRODUCE,26
2026-04-17,store_freshmart_01,prod_milk_01,Fresh Organic Whole Milk (1L),DAIRY,39
2026-04-17,store_freshmart_01,prod_bread_01,Artisan Whole Wheat Bread,BAKERY,26
2026-04-17,store_freshmart_01,prod_croissant_01,Butter Croissants 4-Pack,BAKERY,18
2026-04-17,store_freshmart_01,prod_tomatoes_01,Organic Roma Tomatoes (1kg),PRODUCE,35
2026-04-17,store_freshmart_01,prod_chicken_01,Fresh Chicken Breast (500g),MEAT,25
2026-04-17,store_freshmart_01,prod_yogurt_01,Greek Style Yogurt (500g),DAIRY,19
2026-04-17,store_freshmart_01,prod_rice_01,Basmati Rice (1kg),PANTRY,27
2026-04-17,store_freshmart_01,prod_apples_01,Royal Gala Apples (1kg),PRODUCE,27
2026-04-17,store_bakerydelight_02,prod_milk_01,Fresh Organic Whole Milk (1L),DAIRY,37
2026-04-17,store_bakerydelight_02,prod_bread_01,Artisan Whole Wheat Bread,BAKERY,28
2026-04-17,store_bakerydelight_02,prod_croissant_01,Butter Croissants 4-Pack,BAKERY,23
2026-04-17,store_bakerydelight_02,prod_tomatoes_01,Organic Roma Tomatoes (1kg),PRODUCE,30
2026-04-17,store_bakerydelight_02,prod_chicken_01,Fresh Chicken Breast (500g),MEAT,25
2026-04-17,store_bakerydelight_02,prod_yogurt_01,Greek Style Yogurt (500g),DAIRY,15
2026-04-17,store_bakerydelight_02,prod_rice_01,Basmati Rice (1kg),PANTRY,30
2026-04-17,store_bakerydelight_02,prod_apples_01,Royal Gala Apples (1kg),PRODUCE,28
2026-04-18,store_freshmart_01,prod_milk_01,Fresh Organic Whole Milk (1L),DAIRY,53
2026-04-18,store_freshmart_01,prod_bread_01,Artisan Whole Wheat Bread,BAKERY,44
2026-04-18,store_freshmart_01,prod_croissant_01,Butter Croissants 4-Pack,BAKERY,35
2026-04-18,store_freshmart_01,prod_tomatoes_01,Organic Roma Tomatoes (1kg),PRODUCE,47
2026-04-18,store_freshmart_01,prod_chicken_01,Fresh Chicken Breast (500g),MEAT,27
2026-04-18,store_freshmart_01,prod_yogurt_01,Greek Style Yogurt (500g),DAIRY,23
2026-04-18,store_freshmart_01,prod_rice_01,Basmati Rice (1kg),PANTRY,35
2026-04-18,store_freshmart_01,prod_apples_01,Royal Gala Apples (1kg),PRODUCE,36
2026-04-18,store_bakerydelight_02,prod_milk_01,Fresh Organic Whole Milk (1L),DAIRY,53
2026-04-18,store_bakerydelight_02,prod_bread_01,Artisan Whole Wheat Bread,BAKERY,39
2026-04-18,store_bakerydelight_02,prod_croissant_01,Butter Croissants 4-Pack,BAKERY,30
2026-04-18,store_bakerydelight_02,prod_tomatoes_01,Organic Roma Tomatoes (1kg),PRODUCE,42
2026-04-18,store_bakerydelight_02,prod_chicken_01,Fresh Chicken Breast (500g),MEAT,31
2026-04-18,store_bakerydelight_02,prod_yogurt_01,Greek Style Yogurt (500g),DAIRY,22
2026-04-18,store_bakerydelight_02,prod_rice_01,Basmati Rice (1kg),PANTRY,34
2026-04-18,store_bakerydelight_02,prod_apples_01,Royal Gala Apples (1kg),PRODUCE,31
2026-04-19,store_freshmart_01,prod_milk_01,Fresh Organic Whole Milk (1L),DAIRY,49
2026-04-19,store_freshmart_01,prod_bread_01,Artisan Whole Wheat Bread,BAKERY,45
2026-04-19,store_freshmart_01,prod_croissant_01,Butter Croissants 4-Pack,BAKERY,27
2026-04-19,store_freshmart_01,prod_tomatoes_01,Organic Roma Tomatoes (1kg),PRODUCE,52
2026-04-19,store_freshmart_01,prod_chicken_01,Fresh Chicken Breast (500g),MEAT,34
2026-04-19,store_freshmart_01,prod_yogurt_01,Greek Style Yogurt (500g),DAIRY,27
2026-04-19,store_freshmart_01,prod_rice_01,Basmati Rice (1kg),PANTRY,34
2026-04-19,store_freshmart_01,prod_apples_01,Royal Gala Apples (1kg),PRODUCE,38
2026-04-19,store_bakerydelight_02,prod_milk_01,Fresh Organic Whole Milk (1L),DAIRY,50
2026-04-19,store_bakerydelight_02,prod_bread_01,Artisan Whole Wheat Bread,BAKERY,42
2026-04-19,store_bakerydelight_02,prod_croissant_01,Butter Croissants 4-Pack,BAKERY,37
2026-04-19,store_bakerydelight_02,prod_tomatoes_01,Organic Roma Tomatoes (1kg),PRODUCE,44
2026-04-19,store_bakerydelight_02,prod_chicken_01,Fresh Chicken Breast (500g),MEAT,36
2026-04-19,store_bakerydelight_02,prod_yogurt_01,Greek Style Yogurt (500g),DAIRY,25
2026-04-19,store_bakerydelight_02,prod_rice_01,Basmati Rice (1kg),PANTRY,37
2026-04-19,store_bakerydelight_02,prod_apples_01,Royal Gala Apples (1kg),PRODUCE,41
2026-04-20,store_freshmart_01,prod_milk_01,Fresh Organic Whole Milk (1L),DAIRY,36
2026-04-20,store_freshmart_01,prod_bread_01,Artisan Whole Wheat Bread,BAKERY,36
2026-04-20,store_freshmart_01,prod_croissant_01,Butter Croissants 4-Pack,BAKERY,24
2026-04-20,store_freshmart_01,prod_tomatoes_01,Organic Roma Tomatoes (1kg),PRODUCE,31
2026-04-20,store_freshmart_01,prod_chicken_01,Fresh Chicken Breast (500g),MEAT,26
2026-04-20,store_freshmart_01,prod_yogurt_01,Greek Style Yogurt (500g),DAIRY,23
2026-04-20,store_freshmart_01,prod_rice_01,Basmati Rice (1kg),PANTRY,29
2026-04-20,store_freshmart_01,prod_apples_01,Royal Gala Apples (1kg),PRODUCE,22
2026-04-20,store_bakerydelight_02,prod_milk_01,Fresh Organic Whole Milk (1L),DAIRY,36
2026-04-20,store_bakerydelight_02,prod_bread_01,Artisan Whole Wheat Bread,BAKERY,30
2026-04-20,store_bakerydelight_02,prod_croissant_01,Butter Croissants 4-Pack,BAKERY,22
2026-04-20,store_bakerydelight_02,prod_tomatoes_01,Organic Roma Tomatoes (1kg),PRODUCE,35
2026-04-20,store_bakerydelight_02,prod_chicken_01,Fresh Chicken Breast (500g),MEAT,25
2026-04-20,store_bakerydelight_02,prod_yogurt_01,Greek Style Yogurt (500g),DAIRY,16
2026-04-20,store_bakerydelight_02,prod_rice_01,Basmati Rice (1kg),PANTRY,29
2026-04-20,store_bakerydelight_02,prod_apples_01,Royal Gala Apples (1kg),PRODUCE,28
2026-04-21,store_freshmart_01,prod_milk_01,Fresh Organic Whole Milk (1L),DAIRY,40
2026-04-21,store_freshmart_01,prod_bread_01,Artisan Whole Wheat Bread,BAKERY,34
2026-04-21,store_freshmart_01,prod_croissant_01,Butter Croissants 4-Pack,BAKERY,24
2026-04-21,store_freshmart_01,prod_tomatoes_01,Organic Roma Tomatoes (1kg),PRODUCE,34
2026-04-21,store_freshmart_01,prod_chicken_01,Fresh Chicken Breast (500g),MEAT,24
2026-04-21,store_freshmart_01,prod_yogurt_01,Greek Style Yogurt (500g),DAIRY,15
2026-04-21,store_freshmart_01,prod_rice_01,Basmati Rice (1kg),PANTRY,29
2026-04-21,store_freshmart_01,prod_apples_01,Royal Gala Apples (1kg),PRODUCE,27
2026-04-21,store_bakerydelight_02,prod_milk_01,Fresh Organic Whole Milk (1L),DAIRY,39
2026-04-21,store_bakerydelight_02,prod_bread_01,Artisan Whole Wheat Bread,BAKERY,27
2026-04-21,store_bakerydelight_02,prod_croissant_01,Butter Croissants 4-Pack,BAKERY,19
2026-04-21,store_bakerydelight_02,prod_tomatoes_01,Organic Roma Tomatoes (1kg),PRODUCE,36
2026-04-21,store_bakerydelight_02,prod_chicken_01,Fresh Chicken Breast (500g),MEAT,24
2026-04-21,store_bakerydelight_02,prod_yogurt_01,Greek Style Yogurt (500g),DAIRY,22
2026-04-21,store_bakerydelight_02,prod_rice_01,Basmati Rice (1kg),PANTRY,27
2026-04-21,store_bakerydelight_02,prod_apples_01,Royal Gala Apples (1kg),PRODUCE,26
2026-04-22,store_freshmart_01,prod_milk_01,Fresh Organic Whole Milk (1L),DAIRY,41
2026-04-22,store_freshmart_01,prod_bread_01,Artisan Whole Wheat Bread,BAKERY,29
2026-04-22,store_freshmart_01,prod_croissant_01,Butter Croissants 4-Pack,BAKERY,22
2026-04-22,store_freshmart_01,prod_tomatoes_01,Organic Roma Tomatoes (1kg),PRODUCE,31
2026-04-22,store_freshmart_01,prod_chicken_01,Fresh Chicken Breast (500g),MEAT,23
2026-04-22,store_freshmart_01,prod_yogurt_01,Greek Style Yogurt (500g),DAIRY,19
2026-04-22,store_freshmart_01,prod_rice_01,Basmati Rice (1kg),PANTRY,28
2026-04-22,store_freshmart_01,prod_apples_01,Royal Gala Apples (1kg),PRODUCE,25
2026-04-22,store_bakerydelight_02,prod_milk_01,Fresh Organic Whole Milk (1L),DAIRY,42
2026-04-22,store_bakerydelight_02,prod_bread_01,Artisan Whole Wheat Bread,BAKERY,28
2026-04-22,store_bakerydelight_02,prod_croissant_01,Butter Croissants 4-Pack,BAKERY,21
2026-04-22,store_bakerydelight_02,prod_tomatoes_01,Organic Roma Tomatoes (1kg),PRODUCE,31
2026-04-22,store_bakerydelight_02,prod_chicken_01,Fresh Chicken Breast (500g),MEAT,28
2026-04-22,store_bakerydelight_02,prod_yogurt_01,Greek Style Yogurt (500g),DAIRY,20
2026-04-22,store_bakerydelight_02,prod_rice_01,Basmati Rice (1kg),PANTRY,30
2026-04-22,store_bakerydelight_02,prod_apples_01,Royal Gala Apples (1kg),PRODUCE,22
2026-04-23,store_freshmart_01,prod_milk_01,Fresh Organic Whole Milk (1L),DAIRY,39
2026-04-23,store_freshmart_01,prod_bread_01,Artisan Whole Wheat Bread,BAKERY,33
2026-04-23,store_freshmart_01,prod_croissant_01,Butter Croissants 4-Pack,BAKERY,22
2026-04-23,store_freshmart_01,prod_tomatoes_01,Organic Roma Tomatoes (1kg),PRODUCE,36
2026-04-23,store_freshmart_01,prod_chicken_01,Fresh Chicken Breast (500g),MEAT,22
2026-04-23,store_freshmart_01,prod_yogurt_01,Greek Style Yogurt (500g),DAIRY,24
2026-04-23,store_freshmart_01,prod_rice_01,Basmati Rice (1kg),PANTRY,34
2026-04-23,store_freshmart_01,prod_apples_01,Royal Gala Apples (1kg),PRODUCE,25
2026-04-23,store_bakerydelight_02,prod_milk_01,Fresh Organic Whole Milk (1L),DAIRY,37
2026-04-23,store_bakerydelight_02,prod_bread_01,Artisan Whole Wheat Bread,BAKERY,35
2026-04-23,store_bakerydelight_02,prod_croissant_01,Butter Croissants 4-Pack,BAKERY,27
2026-04-23,store_bakerydelight_02,prod_tomatoes_01,Organic Roma Tomatoes (1kg),PRODUCE,31
2026-04-23,store_bakerydelight_02,prod_chicken_01,Fresh Chicken Breast (500g),MEAT,23
2026-04-23,store_bakerydelight_02,prod_yogurt_01,Greek Style Yogurt (500g),DAIRY,19
2026-04-23,store_bakerydelight_02,prod_rice_01,Basmati Rice (1kg),PANTRY,23
2026-04-23,store_bakerydelight_02,prod_apples_01,Royal Gala Apples (1kg),PRODUCE,23
2026-04-24,store_freshmart_01,prod_milk_01,Fresh Organic Whole Milk (1L),DAIRY,35
2026-04-24,store_freshmart_01,prod_bread_01,Artisan Whole Wheat Bread,BAKERY,28
2026-04-24,store_freshmart_01,prod_croissant_01,Butter Croissants 4-Pack,BAKERY,22
2026-04-24,store_freshmart_01,prod_tomatoes_01,Organic Roma Tomatoes (1kg),PRODUCE,33
2026-04-24,store_freshmart_01,prod_chicken_01,Fresh Chicken Breast (500g),MEAT,29
2026-04-24,store_freshmart_01,prod_yogurt_01,Greek Style Yogurt (500g),DAIRY,17
2026-04-24,store_freshmart_01,prod_rice_01,Basmati Rice (1kg),PANTRY,30
2026-04-24,store_freshmart_01,prod_apples_01,Royal Gala Apples (1kg),PRODUCE,26
2026-04-24,store_bakerydelight_02,prod_milk_01,Fresh Organic Whole Milk (1L),DAIRY,38
2026-04-24,store_bakerydelight_02,prod_bread_01,Artisan Whole Wheat Bread,BAKERY,33
2026-04-24,store_bakerydelight_02,prod_croissant_01,Butter Croissants 4-Pack,BAKERY,18
2026-04-24,store_bakerydelight_02,prod_tomatoes_01,Organic Roma Tomatoes (1kg),PRODUCE,34
2026-04-24,store_bakerydelight_02,prod_chicken_01,Fresh Chicken Breast (500g),MEAT,25
2026-04-24,store_bakerydelight_02,prod_yogurt_01,Greek Style Yogurt (500g),DAIRY,21
2026-04-24,store_bakerydelight_02,prod_rice_01,Basmati Rice (1kg),PANTRY,28
2026-04-24,store_bakerydelight_02,prod_apples_01,Royal Gala Apples (1kg),PRODUCE,34
2026-04-25,store_freshmart_01,prod_milk_01,Fresh Organic Whole Milk (1L),DAIRY,50
2026-04-25,store_freshmart_01,prod_bread_01,Artisan Whole Wheat Bread,BAKERY,40
2026-04-25,store_freshmart_01,prod_croissant_01,Butter Croissants 4-Pack,BAKERY,28
2026-04-25,store_freshmart_01,prod_tomatoes_01,Organic Roma Tomatoes (1kg),PRODUCE,43
2026-04-25,store_freshmart_01,prod_chicken_01,Fresh Chicken Breast (500g),MEAT,31
2026-04-25,store_freshmart_01,prod_yogurt_01,Greek Style Yogurt (500g),DAIRY,30
2026-04-25,store_freshmart_01,prod_rice_01,Basmati Rice (1kg),PANTRY,41
2026-04-25,store_freshmart_01,prod_apples_01,Royal Gala Apples (1kg),PRODUCE,34
2026-04-25,store_bakerydelight_02,prod_milk_01,Fresh Organic Whole Milk (1L),DAIRY,49
2026-04-25,store_bakerydelight_02,prod_bread_01,Artisan Whole Wheat Bread,BAKERY,43
2026-04-25,store_bakerydelight_02,prod_croissant_01,Butter Croissants 4-Pack,BAKERY,28
2026-04-25,store_bakerydelight_02,prod_tomatoes_01,Organic Roma Tomatoes (1kg),PRODUCE,46
2026-04-25,store_bakerydelight_02,prod_chicken_01,Fresh Chicken Breast (500g),MEAT,33
2026-04-25,store_bakerydelight_02,prod_yogurt_01,Greek Style Yogurt (500g),DAIRY,22
2026-04-25,store_bakerydelight_02,prod_rice_01,Basmati Rice (1kg),PANTRY,41
2026-04-25,store_bakerydelight_02,prod_apples_01,Royal Gala Apples (1kg),PRODUCE,41
2026-04-26,store_freshmart_01,prod_milk_01,Fresh Organic Whole Milk (1L),DAIRY,50
2026-04-26,store_freshmart_01,prod_bread_01,Artisan Whole Wheat Bread,BAKERY,40
2026-04-26,store_freshmart_01,prod_croissant_01,Butter Croissants 4-Pack,BAKERY,30
2026-04-26,store_freshmart_01,prod_tomatoes_01,Organic Roma Tomatoes (1kg),PRODUCE,45
2026-04-26,store_freshmart_01,prod_chicken_01,Fresh Chicken Breast (500g),MEAT,34
2026-04-26,store_freshmart_01,prod_yogurt_01,Greek Style Yogurt (500g),DAIRY,33
2026-04-26,store_freshmart_01,prod_rice_01,Basmati Rice (1kg),PANTRY,36
2026-04-26,store_freshmart_01,prod_apples_01,Royal Gala Apples (1kg),PRODUCE,33
2026-04-26,store_bakerydelight_02,prod_milk_01,Fresh Organic Whole Milk (1L),DAIRY,47
2026-04-26,store_bakerydelight_02,prod_bread_01,Artisan Whole Wheat Bread,BAKERY,39
2026-04-26,store_bakerydelight_02,prod_croissant_01,Butter Croissants 4-Pack,BAKERY,29
2026-04-26,store_bakerydelight_02,prod_tomatoes_01,Organic Roma Tomatoes (1kg),PRODUCE,50
2026-04-26,store_bakerydelight_02,prod_chicken_01,Fresh Chicken Breast (500g),MEAT,31
2026-04-26,store_bakerydelight_02,prod_yogurt_01,Greek Style Yogurt (500g),DAIRY,27
2026-04-26,store_bakerydelight_02,prod_rice_01,Basmati Rice (1kg),PANTRY,37
2026-04-26,store_bakerydelight_02,prod_apples_01,Royal Gala Apples (1kg),PRODUCE,39
2026-04-27,store_freshmart_01,prod_milk_01,Fresh Organic Whole Milk (1L),DAIRY,46
2026-04-27,store_freshmart_01,prod_bread_01,Artisan Whole Wheat Bread,BAKERY,29
2026-04-27,store_freshmart_01,prod_croissant_01,Butter Croissants 4-Pack,BAKERY,20
2026-04-27,store_freshmart_01,prod_tomatoes_01,Organic Roma Tomatoes (1kg),PRODUCE,36
2026-04-27,store_freshmart_01,prod_chicken_01,Fresh Chicken Breast (500g),MEAT,26
2026-04-27,store_freshmart_01,prod_yogurt_01,Greek Style Yogurt (500g),DAIRY,25
2026-04-27,store_freshmart_01,prod_rice_01,Basmati Rice (1kg),PANTRY,29
2026-04-27,store_freshmart_01,prod_apples_01,Royal Gala Apples (1kg),PRODUCE,25
2026-04-27,store_bakerydelight_02,prod_milk_01,Fresh Organic Whole Milk (1L),DAIRY,40
2026-04-27,store_bakerydelight_02,prod_bread_01,Artisan Whole Wheat Bread,BAKERY,34
2026-04-27,store_bakerydelight_02,prod_croissant_01,Butter Croissants 4-Pack,BAKERY,24
2026-04-27,store_bakerydelight_02,prod_tomatoes_01,Organic Roma Tomatoes (1kg),PRODUCE,34
2026-04-27,store_bakerydelight_02,prod_chicken_01,Fresh Chicken Breast (500g),MEAT,27
2026-04-27,store_bakerydelight_02,prod_yogurt_01,Greek Style Yogurt (500g),DAIRY,23
2026-04-27,store_bakerydelight_02,prod_rice_01,Basmati Rice (1kg),PANTRY,31
2026-04-27,store_bakerydelight_02,prod_apples_01,Royal Gala Apples (1kg),PRODUCE,28
2026-04-28,store_freshmart_01,prod_milk_01,Fresh Organic Whole Milk (1L),DAIRY,38
2026-04-28,store_freshmart_01,prod_bread_01,Artisan Whole Wheat Bread,BAKERY,31
2026-04-28,store_freshmart_01,prod_croissant_01,Butter Croissants 4-Pack,BAKERY,25
2026-04-28,store_freshmart_01,prod_tomatoes_01,Organic Roma Tomatoes (1kg),PRODUCE,30
2026-04-28,store_freshmart_01,prod_chicken_01,Fresh Chicken Breast (500g),MEAT,25
2026-04-28,store_freshmart_01,prod_yogurt_01,Greek Style Yogurt (500g),DAIRY,18
2026-04-28,store_freshmart_01,prod_rice_01,Basmati Rice (1kg),PANTRY,27
2026-04-28,store_freshmart_01,prod_apples_01,Royal Gala Apples (1kg),PRODUCE,30
2026-04-28,store_bakerydelight_02,prod_milk_01,Fresh Organic Whole Milk (1L),DAIRY,39
2026-04-28,store_bakerydelight_02,prod_bread_01,Artisan Whole Wheat Bread,BAKERY,31
2026-04-28,store_bakerydelight_02,prod_croissant_01,Butter Croissants 4-Pack,BAKERY,18
2026-04-28,store_bakerydelight_02,prod_tomatoes_01,Organic Roma Tomatoes (1kg),PRODUCE,35
2026-04-28,store_bakerydelight_02,prod_chicken_01,Fresh Chicken Breast (500g),MEAT,26
2026-04-28,store_bakerydelight_02,prod_yogurt_01,Greek Style Yogurt (500g),DAIRY,26
2026-04-28,store_bakerydelight_02,prod_rice_01,Basmati Rice (1kg),PANTRY,26
2026-04-28,store_bakerydelight_02,prod_apples_01,Royal Gala Apples (1kg),PRODUCE,27
2026-04-29,store_freshmart_01,prod_milk_01,Fresh Organic Whole Milk (1L),DAIRY,39
2026-04-29,store_freshmart_01,prod_bread_01,Artisan Whole Wheat Bread,BAKERY,35
2026-04-29,store_freshmart_01,prod_croissant_01,Butter Croissants 4-Pack,BAKERY,21
2026-04-29,store_freshmart_01,prod_tomatoes_01,Organic Roma Tomatoes (1kg),PRODUCE,34
2026-04-29,store_freshmart_01,prod_chicken_01,Fresh Chicken Breast (500g),MEAT,26
2026-04-29,store_freshmart_01,prod_yogurt_01,Greek Style Yogurt (500g),DAIRY,20
2026-04-29,store_freshmart_01,prod_rice_01,Basmati Rice (1kg),PANTRY,26
2026-04-29,store_freshmart_01,prod_apples_01,Royal Gala Apples (1kg),PRODUCE,27
2026-04-29,store_bakerydelight_02,prod_milk_01,Fresh Organic Whole Milk (1L),DAIRY,41
2026-04-29,store_bakerydelight_02,prod_bread_01,Artisan Whole Wheat Bread,BAKERY,27
2026-04-29,store_bakerydelight_02,prod_croissant_01,Butter Croissants 4-Pack,BAKERY,22
2026-04-29,store_bakerydelight_02,prod_tomatoes_01,Organic Roma Tomatoes (1kg),PRODUCE,31
2026-04-29,store_bakerydelight_02,prod_chicken_01,Fresh Chicken Breast (500g),MEAT,28
2026-04-29,store_bakerydelight_02,prod_yogurt_01,Greek Style Yogurt (500g),DAIRY,15
2026-04-29,store_bakerydelight_02,prod_rice_01,Basmati Rice (1kg),PANTRY,26
2026-04-29,store_bakerydelight_02,prod_apples_01,Royal Gala Apples (1kg),PRODUCE,27
2026-04-30,store_freshmart_01,prod_milk_01,Fresh Organic Whole Milk (1L),DAIRY,43
2026-04-30,store_freshmart_01,prod_bread_01,Artisan Whole Wheat Bread,BAKERY,30
2026-04-30,store_freshmart_01,prod_croissant_01,Butter Croissants 4-Pack,BAKERY,20
2026-04-30,store_freshmart_01,prod_tomatoes_01,Organic Roma Tomatoes (1kg),PRODUCE,38
2026-04-30,store_freshmart_01,prod_chicken_01,Fresh Chicken Breast (500g),MEAT,20
2026-04-30,store_freshmart_01,prod_yogurt_01,Greek Style Yogurt (500g),DAIRY,13
2026-04-30,store_freshmart_01,prod_rice_01,Basmati Rice (1kg),PANTRY,29
2026-04-30,store_freshmart_01,prod_apples_01,Royal Gala Apples (1kg),PRODUCE,25
2026-04-30,store_bakerydelight_02,prod_milk_01,Fresh Organic Whole Milk (1L),DAIRY,35
2026-04-30,store_bakerydelight_02,prod_bread_01,Artisan Whole Wheat Bread,BAKERY,33
2026-04-30,store_bakerydelight_02,prod_croissant_01,Butter Croissants 4-Pack,BAKERY,22
2026-04-30,store_bakerydelight_02,prod_tomatoes_01,Organic Roma Tomatoes (1kg),PRODUCE,31
2026-04-30,store_bakerydelight_02,prod_chicken_01,Fresh Chicken Breast (500g),MEAT,20
2026-04-30,store_bakerydelight_02,prod_yogurt_01,Greek Style Yogurt (500g),DAIRY,22
2026-04-30,store_bakerydelight_02,prod_rice_01,Basmati Rice (1kg),PANTRY,29
2026-04-30,store_bakerydelight_02,prod_apples_01,Royal Gala Apples (1kg),PRODUCE,26
2026-05-01,store_freshmart_01,prod_milk_01,Fresh Organic Whole Milk (1L),DAIRY,44
2026-05-01,store_freshmart_01,prod_bread_01,Artisan Whole Wheat Bread,BAKERY,27
2026-05-01,store_freshmart_01,prod_croissant_01,Butter Croissants 4-Pack,BAKERY,17
2026-05-01,store_freshmart_01,prod_tomatoes_01,Organic Roma Tomatoes (1kg),PRODUCE,31
2026-05-01,store_freshmart_01,prod_chicken_01,Fresh Chicken Breast (500g),MEAT,24
2026-05-01,store_freshmart_01,prod_yogurt_01,Greek Style Yogurt (500g),DAIRY,20
2026-05-01,store_freshmart_01,prod_rice_01,Basmati Rice (1kg),PANTRY,26
2026-05-01,store_freshmart_01,prod_apples_01,Royal Gala Apples (1kg),PRODUCE,27
2026-05-01,store_bakerydelight_02,prod_milk_01,Fresh Organic Whole Milk (1L),DAIRY,34
2026-05-01,store_bakerydelight_02,prod_bread_01,Artisan Whole Wheat Bread,BAKERY,35
2026-05-01,store_bakerydelight_02,prod_croissant_01,Butter Croissants 4-Pack,BAKERY,21
2026-05-01,store_bakerydelight_02,prod_tomatoes_01,Organic Roma Tomatoes (1kg),PRODUCE,36
2026-05-01,store_bakerydelight_02,prod_chicken_01,Fresh Chicken Breast (500g),MEAT,25
2026-05-01,store_bakerydelight_02,prod_yogurt_01,Greek Style Yogurt (500g),DAIRY,21
2026-05-01,store_bakerydelight_02,prod_rice_01,Basmati Rice (1kg),PANTRY,29
2026-05-01,store_bakerydelight_02,prod_apples_01,Royal Gala Apples (1kg),PRODUCE,27
2026-05-02,store_freshmart_01,prod_milk_01,Fresh Organic Whole Milk (1L),DAIRY,53
2026-05-02,store_freshmart_01,prod_bread_01,Artisan Whole Wheat Bread,BAKERY,45
2026-05-02,store_freshmart_01,prod_croissant_01,Butter Croissants 4-Pack,BAKERY,30
2026-05-02,store_freshmart_01,prod_tomatoes_01,Organic Roma Tomatoes (1kg),PRODUCE,46
2026-05-02,store_freshmart_01,prod_chicken_01,Fresh Chicken Breast (500g),MEAT,32
2026-05-02,store_freshmart_01,prod_yogurt_01,Greek Style Yogurt (500g),DAIRY,31
2026-05-02,store_freshmart_01,prod_rice_01,Basmati Rice (1kg),PANTRY,35
2026-05-02,store_freshmart_01,prod_apples_01,Royal Gala Apples (1kg),PRODUCE,41
2026-05-02,store_bakerydelight_02,prod_milk_01,Fresh Organic Whole Milk (1L),DAIRY,51
2026-05-02,store_bakerydelight_02,prod_bread_01,Artisan Whole Wheat Bread,BAKERY,37
2026-05-02,store_bakerydelight_02,prod_croissant_01,Butter Croissants 4-Pack,BAKERY,30
2026-05-02,store_bakerydelight_02,prod_tomatoes_01,Organic Roma Tomatoes (1kg),PRODUCE,42
2026-05-02,store_bakerydelight_02,prod_chicken_01,Fresh Chicken Breast (500g),MEAT,35
2026-05-02,store_bakerydelight_02,prod_yogurt_01,Greek Style Yogurt (500g),DAIRY,24
2026-05-02,store_bakerydelight_02,prod_rice_01,Basmati Rice (1kg),PANTRY,35
2026-05-02,store_bakerydelight_02,prod_apples_01,Royal Gala Apples (1kg),PRODUCE,30
2026-05-03,store_freshmart_01,prod_milk_01,Fresh Organic Whole Milk (1L),DAIRY,50
2026-05-03,store_freshmart_01,prod_bread_01,Artisan Whole Wheat Bread,BAKERY,34
2026-05-03,store_freshmart_01,prod_croissant_01,Butter Croissants 4-Pack,BAKERY,25
2026-05-03,store_freshmart_01,prod_tomatoes_01,Organic Roma Tomatoes (1kg),PRODUCE,46
2026-05-03,store_freshmart_01,prod_chicken_01,Fresh Chicken Breast (500g),MEAT,35
2026-05-03,store_freshmart_01,prod_yogurt_01,Greek Style Yogurt (500g),DAIRY,28
2026-05-03,store_freshmart_01,prod_rice_01,Basmati Rice (1kg),PANTRY,34
2026-05-03,store_freshmart_01,prod_apples_01,Royal Gala Apples (1kg),PRODUCE,35
2026-05-03,store_bakerydelight_02,prod_milk_01,Fresh Organic Whole Milk (1L),DAIRY,51
2026-05-03,store_bakerydelight_02,prod_bread_01,Artisan Whole Wheat Bread,BAKERY,38
2026-05-03,store_bakerydelight_02,prod_croissant_01,Butter Croissants 4-Pack,BAKERY,34
2026-05-03,store_bakerydelight_02,prod_tomatoes_01,Organic Roma Tomatoes (1kg),PRODUCE,47
2026-05-03,store_bakerydelight_02,prod_chicken_01,Fresh Chicken Breast (500g),MEAT,32
2026-05-03,store_bakerydelight_02,prod_yogurt_01,Greek Style Yogurt (500g),DAIRY,26
2026-05-03,store_bakerydelight_02,prod_rice_01,Basmati Rice (1kg),PANTRY,37
2026-05-03,store_bakerydelight_02,prod_apples_01,Royal Gala Apples (1kg),PRODUCE,29
2026-05-04,store_freshmart_01,prod_milk_01,Fresh Organic Whole Milk (1L),DAIRY,37
2026-05-04,store_freshmart_01,prod_bread_01,Artisan Whole Wheat Bread,BAKERY,28
2026-05-04,store_freshmart_01,prod_croissant_01,Butter Croissants 4-Pack,BAKERY,19
2026-05-04,store_freshmart_01,prod_tomatoes_01,Organic Roma Tomatoes (1kg),PRODUCE,32
2026-05-04,store_freshmart_01,prod_chicken_01,Fresh Chicken Breast (500g),MEAT,29
2026-05-04,store_freshmart_01,prod_yogurt_01,Greek Style Yogurt (500g),DAIRY,21
2026-05-04,store_freshmart_01,prod_rice_01,Basmati Rice (1kg),PANTRY,25
2026-05-04,store_freshmart_01,prod_apples_01,Royal Gala Apples (1kg),PRODUCE,28
2026-05-04,store_bakerydelight_02,prod_milk_01,Fresh Organic Whole Milk (1L),DAIRY,42
2026-05-04,store_bakerydelight_02,prod_bread_01,Artisan Whole Wheat Bread,BAKERY,33
2026-05-04,store_bakerydelight_02,prod_croissant_01,Butter Croissants 4-Pack,BAKERY,22
2026-05-04,store_bakerydelight_02,prod_tomatoes_01,Organic Roma Tomatoes (1kg),PRODUCE,31
2026-05-04,store_bakerydelight_02,prod_chicken_01,Fresh Chicken Breast (500g),MEAT,26
2026-05-04,store_bakerydelight_02,prod_yogurt_01,Greek Style Yogurt (500g),DAIRY,21
2026-05-04,store_bakerydelight_02,prod_rice_01,Basmati Rice (1kg),PANTRY,30
2026-05-04,store_bakerydelight_02,prod_apples_01,Royal Gala Apples (1kg),PRODUCE,28
2026-05-05,store_freshmart_01,prod_milk_01,Fresh Organic Whole Milk (1L),DAIRY,41
2026-05-05,store_freshmart_01,prod_bread_01,Artisan Whole Wheat Bread,BAKERY,29
2026-05-05,store_freshmart_01,prod_croissant_01,Butter Croissants 4-Pack,BAKERY,26
2026-05-05,store_freshmart_01,prod_tomatoes_01,Organic Roma Tomatoes (1kg),PRODUCE,33
2026-05-05,store_freshmart_01,prod_chicken_01,Fresh Chicken Breast (500g),MEAT,30
2026-05-05,store_freshmart_01,prod_yogurt_01,Greek Style Yogurt (500g),DAIRY,17
2026-05-05,store_freshmart_01,prod_rice_01,Basmati Rice (1kg),PANTRY,32
2026-05-05,store_freshmart_01,prod_apples_01,Royal Gala Apples (1kg),PRODUCE,27
2026-05-05,store_bakerydelight_02,prod_milk_01,Fresh Organic Whole Milk (1L),DAIRY,36
2026-05-05,store_bakerydelight_02,prod_bread_01,Artisan Whole Wheat Bread,BAKERY,29
2026-05-05,store_bakerydelight_02,prod_croissant_01,Butter Croissants 4-Pack,BAKERY,21
2026-05-05,store_bakerydelight_02,prod_tomatoes_01,Organic Roma Tomatoes (1kg),PRODUCE,34
2026-05-05,store_bakerydelight_02,prod_chicken_01,Fresh Chicken Breast (500g),MEAT,25
2026-05-05,store_bakerydelight_02,prod_yogurt_01,Greek Style Yogurt (500g),DAIRY,18
2026-05-05,store_bakerydelight_02,prod_rice_01,Basmati Rice (1kg),PANTRY,27
2026-05-05,store_bakerydelight_02,prod_apples_01,Royal Gala Apples (1kg),PRODUCE,32
2026-05-06,store_freshmart_01,prod_milk_01,Fresh Organic Whole Milk (1L),DAIRY,43
2026-05-06,store_freshmart_01,prod_bread_01,Artisan Whole Wheat Bread,BAKERY,32
2026-05-06,store_freshmart_01,prod_croissant_01,Butter Croissants 4-Pack,BAKERY,22
2026-05-06,store_freshmart_01,prod_tomatoes_01,Organic Roma Tomatoes (1kg),PRODUCE,33
2026-05-06,store_freshmart_01,prod_chicken_01,Fresh Chicken Breast (500g),MEAT,26
2026-05-06,store_freshmart_01,prod_yogurt_01,Greek Style Yogurt (500g),DAIRY,16
2026-05-06,store_freshmart_01,prod_rice_01,Basmati Rice (1kg),PANTRY,26
2026-05-06,store_freshmart_01,prod_apples_01,Royal Gala Apples (1kg),PRODUCE,21
2026-05-06,store_bakerydelight_02,prod_milk_01,Fresh Organic Whole Milk (1L),DAIRY,39
2026-05-06,store_bakerydelight_02,prod_bread_01,Artisan Whole Wheat Bread,BAKERY,32
2026-05-06,store_bakerydelight_02,prod_croissant_01,Butter Croissants 4-Pack,BAKERY,20
2026-05-06,store_bakerydelight_02,prod_tomatoes_01,Organic Roma Tomatoes (1kg),PRODUCE,37
2026-05-06,store_bakerydelight_02,prod_chicken_01,Fresh Chicken Breast (500g),MEAT,20
2026-05-06,store_bakerydelight_02,prod_yogurt_01,Greek Style Yogurt (500g),DAIRY,15
2026-05-06,store_bakerydelight_02,prod_rice_01,Basmati Rice (1kg),PANTRY,28
2026-05-06,store_bakerydelight_02,prod_apples_01,Royal Gala Apples (1kg),PRODUCE,29
2026-05-07,store_freshmart_01,prod_milk_01,Fresh Organic Whole Milk (1L),DAIRY,43
2026-05-07,store_freshmart_01,prod_bread_01,Artisan Whole Wheat Bread,BAKERY,29
2026-05-07,store_freshmart_01,prod_croissant_01,Butter Croissants 4-Pack,BAKERY,25
2026-05-07,store_freshmart_01,prod_tomatoes_01,Organic Roma Tomatoes (1kg),PRODUCE,32
2026-05-07,store_freshmart_01,prod_chicken_01,Fresh Chicken Breast (500g),MEAT,23
2026-05-07,store_freshmart_01,prod_yogurt_01,Greek Style Yogurt (500g),DAIRY,22
2026-05-07,store_freshmart_01,prod_rice_01,Basmati Rice (1kg),PANTRY,29
2026-05-07,store_freshmart_01,prod_apples_01,Royal Gala Apples (1kg),PRODUCE,21
2026-05-07,store_bakerydelight_02,prod_milk_01,Fresh Organic Whole Milk (1L),DAIRY,42
2026-05-07,store_bakerydelight_02,prod_bread_01,Artisan Whole Wheat Bread,BAKERY,34
2026-05-07,store_bakerydelight_02,prod_croissant_01,Butter Croissants 4-Pack,BAKERY,20
2026-05-07,store_bakerydelight_02,prod_tomatoes_01,Organic Roma Tomatoes (1kg),PRODUCE,34
2026-05-07,store_bakerydelight_02,prod_chicken_01,Fresh Chicken Breast (500g),MEAT,25
2026-05-07,store_bakerydelight_02,prod_yogurt_01,Greek Style Yogurt (500g),DAIRY,20
2026-05-07,store_bakerydelight_02,prod_rice_01,Basmati Rice (1kg),PANTRY,25
2026-05-07,store_bakerydelight_02,prod_apples_01,Royal Gala Apples (1kg),PRODUCE,24
2026-05-08,store_freshmart_01,prod_milk_01,Fresh Organic Whole Milk (1L),DAIRY,38
2026-05-08,store_freshmart_01,prod_bread_01,Artisan Whole Wheat Bread,BAKERY,34
2026-05-08,store_freshmart_01,prod_croissant_01,Butter Croissants 4-Pack,BAKERY,23
2026-05-08,store_freshmart_01,prod_tomatoes_01,Organic Roma Tomatoes (1kg),PRODUCE,31
2026-05-08,store_freshmart_01,prod_chicken_01,Fresh Chicken Breast (500g),MEAT,26
2026-05-08,store_freshmart_01,prod_yogurt_01,Greek Style Yogurt (500g),DAIRY,11
2026-05-08,store_freshmart_01,prod_rice_01,Basmati Rice (1kg),PANTRY,30
2026-05-08,store_freshmart_01,prod_apples_01,Royal Gala Apples (1kg),PRODUCE,21
2026-05-08,store_bakerydelight_02,prod_milk_01,Fresh Organic Whole Milk (1L),DAIRY,37
2026-05-08,store_bakerydelight_02,prod_bread_01,Artisan Whole Wheat Bread,BAKERY,27
2026-05-08,store_bakerydelight_02,prod_croissant_01,Butter Croissants 4-Pack,BAKERY,18
2026-05-08,store_bakerydelight_02,prod_tomatoes_01,Organic Roma Tomatoes (1kg),PRODUCE,36
2026-05-08,store_bakerydelight_02,prod_chicken_01,Fresh Chicken Breast (500g),MEAT,22
2026-05-08,store_bakerydelight_02,prod_yogurt_01,Greek Style Yogurt (500g),DAIRY,20
2026-05-08,store_bakerydelight_02,prod_rice_01,Basmati Rice (1kg),PANTRY,27
2026-05-08,store_bakerydelight_02,prod_apples_01,Royal Gala Apples (1kg),PRODUCE,27
2026-05-09,store_freshmart_01,prod_milk_01,Fresh Organic Whole Milk (1L),DAIRY,51
2026-05-09,store_freshmart_01,prod_bread_01,Artisan Whole Wheat Bread,BAKERY,37
2026-05-09,store_freshmart_01,prod_croissant_01,Butter Croissants 4-Pack,BAKERY,32
2026-05-09,store_freshmart_01,prod_tomatoes_01,Organic Roma Tomatoes (1kg),PRODUCE,42
2026-05-09,store_freshmart_01,prod_chicken_01,Fresh Chicken Breast (500g),MEAT,27
2026-05-09,store_freshmart_01,prod_yogurt_01,Greek Style Yogurt (500g),DAIRY,25
2026-05-09,store_freshmart_01,prod_rice_01,Basmati Rice (1kg),PANTRY,41
2026-05-09,store_freshmart_01,prod_apples_01,Royal Gala Apples (1kg),PRODUCE,38
2026-05-09,store_bakerydelight_02,prod_milk_01,Fresh Organic Whole Milk (1L),DAIRY,50
2026-05-09,store_bakerydelight_02,prod_bread_01,Artisan Whole Wheat Bread,BAKERY,40
2026-05-09,store_bakerydelight_02,prod_croissant_01,Butter Croissants 4-Pack,BAKERY,28
2026-05-09,store_bakerydelight_02,prod_tomatoes_01,Organic Roma Tomatoes (1kg),PRODUCE,50
2026-05-09,store_bakerydelight_02,prod_chicken_01,Fresh Chicken Breast (500g),MEAT,33
2026-05-09,store_bakerydelight_02,prod_yogurt_01,Greek Style Yogurt (500g),DAIRY,28
2026-05-09,store_bakerydelight_02,prod_rice_01,Basmati Rice (1kg),PANTRY,40
2026-05-09,store_bakerydelight_02,prod_apples_01,Royal Gala Apples (1kg),PRODUCE,36
2026-05-10,store_freshmart_01,prod_milk_01,Fresh Organic Whole Milk (1L),DAIRY,50
2026-05-10,store_freshmart_01,prod_bread_01,Artisan Whole Wheat Bread,BAKERY,40
2026-05-10,store_freshmart_01,prod_croissant_01,Butter Croissants 4-Pack,BAKERY,29
2026-05-10,store_freshmart_01,prod_tomatoes_01,Organic Roma Tomatoes (1kg),PRODUCE,44
2026-05-10,store_freshmart_01,prod_chicken_01,Fresh Chicken Breast (500g),MEAT,34
2026-05-10,store_freshmart_01,prod_yogurt_01,Greek Style Yogurt (500g),DAIRY,26
2026-05-10,store_freshmart_01,prod_rice_01,Basmati Rice (1kg),PANTRY,39
2026-05-10,store_freshmart_01,prod_apples_01,Royal Gala Apples (1kg),PRODUCE,35
2026-05-10,store_bakerydelight_02,prod_milk_01,Fresh Organic Whole Milk (1L),DAIRY,51
2026-05-10,store_bakerydelight_02,prod_bread_01,Artisan Whole Wheat Bread,BAKERY,35
2026-05-10,store_bakerydelight_02,prod_croissant_01,Butter Croissants 4-Pack,BAKERY,32
2026-05-10,store_bakerydelight_02,prod_tomatoes_01,Organic Roma Tomatoes (1kg),PRODUCE,45
2026-05-10,store_bakerydelight_02,prod_chicken_01,Fresh Chicken Breast (500g),MEAT,35
2026-05-10,store_bakerydelight_02,prod_yogurt_01,Greek Style Yogurt (500g),DAIRY,18
2026-05-10,store_bakerydelight_02,prod_rice_01,Basmati Rice (1kg),PANTRY,43
2026-05-10,store_bakerydelight_02,prod_apples_01,Royal Gala Apples (1kg),PRODUCE,35
2026-05-11,store_freshmart_01,prod_milk_01,Fresh Organic Whole Milk (1L),DAIRY,41
2026-05-11,store_freshmart_01,prod_bread_01,Artisan Whole Wheat Bread,BAKERY,27
2026-05-11,store_freshmart_01,prod_croissant_01,Butter Croissants 4-Pack,BAKERY,23
2026-05-11,store_freshmart_01,prod_tomatoes_01,Organic Roma Tomatoes (1kg),PRODUCE,29
2026-05-11,store_freshmart_01,prod_chicken_01,Fresh Chicken Breast (500g),MEAT,22
2026-05-11,store_freshmart_01,prod_yogurt_01,Greek Style Yogurt (500g),DAIRY,25
2026-05-11,store_freshmart_01,prod_rice_01,Basmati Rice (1kg),PANTRY,26
2026-05-11,store_freshmart_01,prod_apples_01,Royal Gala Apples (1kg),PRODUCE,27
2026-05-11,store_bakerydelight_02,prod_milk_01,Fresh Organic Whole Milk (1L),DAIRY,40
2026-05-11,store_bakerydelight_02,prod_bread_01,Artisan Whole Wheat Bread,BAKERY,32
2026-05-11,store_bakerydelight_02,prod_croissant_01,Butter Croissants 4-Pack,BAKERY,22
2026-05-11,store_bakerydelight_02,prod_tomatoes_01,Organic Roma Tomatoes (1kg),PRODUCE,33
2026-05-11,store_bakerydelight_02,prod_chicken_01,Fresh Chicken Breast (500g),MEAT,31
2026-05-11,store_bakerydelight_02,prod_yogurt_01,Greek Style Yogurt (500g),DAIRY,19
2026-05-11,store_bakerydelight_02,prod_rice_01,Basmati Rice (1kg),PANTRY,28
2026-05-11,store_bakerydelight_02,prod_apples_01,Royal Gala Apples (1kg),PRODUCE,29
2026-05-12,store_freshmart_01,prod_milk_01,Fresh Organic Whole Milk (1L),DAIRY,41
2026-05-12,store_freshmart_01,prod_bread_01,Artisan Whole Wheat Bread,BAKERY,34
2026-05-12,store_freshmart_01,prod_croissant_01,Butter Croissants 4-Pack,BAKERY,23
2026-05-12,store_freshmart_01,prod_tomatoes_01,Organic Roma Tomatoes (1kg),PRODUCE,29
2026-05-12,store_freshmart_01,prod_chicken_01,Fresh Chicken Breast (500g),MEAT,29
2026-05-12,store_freshmart_01,prod_yogurt_01,Greek Style Yogurt (500g),DAIRY,16
2026-05-12,store_freshmart_01,prod_rice_01,Basmati Rice (1kg),PANTRY,28
2026-05-12,store_freshmart_01,prod_apples_01,Royal Gala Apples (1kg),PRODUCE,24
2026-05-12,store_bakerydelight_02,prod_milk_01,Fresh Organic Whole Milk (1L),DAIRY,37
2026-05-12,store_bakerydelight_02,prod_bread_01,Artisan Whole Wheat Bread,BAKERY,31
2026-05-12,store_bakerydelight_02,prod_croissant_01,Butter Croissants 4-Pack,BAKERY,22
2026-05-12,store_bakerydelight_02,prod_tomatoes_01,Organic Roma Tomatoes (1kg),PRODUCE,34
2026-05-12,store_bakerydelight_02,prod_chicken_01,Fresh Chicken Breast (500g),MEAT,29
2026-05-12,store_bakerydelight_02,prod_yogurt_01,Greek Style Yogurt (500g),DAIRY,21
2026-05-12,store_bakerydelight_02,prod_rice_01,Basmati Rice (1kg),PANTRY,26
2026-05-12,store_bakerydelight_02,prod_apples_01,Royal Gala Apples (1kg),PRODUCE,29
2026-05-13,store_freshmart_01,prod_milk_01,Fresh Organic Whole Milk (1L),DAIRY,41
2026-05-13,store_freshmart_01,prod_bread_01,Artisan Whole Wheat Bread,BAKERY,26
2026-05-13,store_freshmart_01,prod_croissant_01,Butter Croissants 4-Pack,BAKERY,23
2026-05-13,store_freshmart_01,prod_tomatoes_01,Organic Roma Tomatoes (1kg),PRODUCE,34
2026-05-13,store_freshmart_01,prod_chicken_01,Fresh Chicken Breast (500g),MEAT,23
2026-05-13,store_freshmart_01,prod_yogurt_01,Greek Style Yogurt (500g),DAIRY,23
2026-05-13,store_freshmart_01,prod_rice_01,Basmati Rice (1kg),PANTRY,26
2026-05-13,store_freshmart_01,prod_apples_01,Royal Gala Apples (1kg),PRODUCE,26
2026-05-13,store_bakerydelight_02,prod_milk_01,Fresh Organic Whole Milk (1L),DAIRY,37
2026-05-13,store_bakerydelight_02,prod_bread_01,Artisan Whole Wheat Bread,BAKERY,30
2026-05-13,store_bakerydelight_02,prod_croissant_01,Butter Croissants 4-Pack,BAKERY,18
2026-05-13,store_bakerydelight_02,prod_tomatoes_01,Organic Roma Tomatoes (1kg),PRODUCE,28
2026-05-13,store_bakerydelight_02,prod_chicken_01,Fresh Chicken Breast (500g),MEAT,28
2026-05-13,store_bakerydelight_02,prod_yogurt_01,Greek Style Yogurt (500g),DAIRY,17
2026-05-13,store_bakerydelight_02,prod_rice_01,Basmati Rice (1kg),PANTRY,24
2026-05-13,store_bakerydelight_02,prod_apples_01,Royal Gala Apples (1kg),PRODUCE,19
2026-05-14,store_freshmart_01,prod_milk_01,Fresh Organic Whole Milk (1L),DAIRY,36
2026-05-14,store_freshmart_01,prod_bread_01,Artisan Whole Wheat Bread,BAKERY,26
2026-05-14,store_freshmart_01,prod_croissant_01,Butter Croissants 4-Pack,BAKERY,26
2026-05-14,store_freshmart_01,prod_tomatoes_01,Organic Roma Tomatoes (1kg),PRODUCE,35
2026-05-14,store_freshmart_01,prod_chicken_01,Fresh Chicken Breast (500g),MEAT,22
2026-05-14,store_freshmart_01,prod_yogurt_01,Greek Style Yogurt (500g),DAIRY,26
2026-05-14,store_freshmart_01,prod_rice_01,Basmati Rice (1kg),PANTRY,30
2026-05-14,store_freshmart_01,prod_apples_01,Royal Gala Apples (1kg),PRODUCE,25
2026-05-14,store_bakerydelight_02,prod_milk_01,Fresh Organic Whole Milk (1L),DAIRY,30
2026-05-14,store_bakerydelight_02,prod_bread_01,Artisan Whole Wheat Bread,BAKERY,37
2026-05-14,store_bakerydelight_02,prod_croissant_01,Butter Croissants 4-Pack,BAKERY,17
2026-05-14,store_bakerydelight_02,prod_tomatoes_01,Organic Roma Tomatoes (1kg),PRODUCE,27
2026-05-14,store_bakerydelight_02,prod_chicken_01,Fresh Chicken Breast (500g),MEAT,27
2026-05-14,store_bakerydelight_02,prod_yogurt_01,Greek Style Yogurt (500g),DAIRY,27
2026-05-14,store_bakerydelight_02,prod_rice_01,Basmati Rice (1kg),PANTRY,31
2026-05-14,store_bakerydelight_02,prod_apples_01,Royal Gala Apples (1kg),PRODUCE,27
2026-05-15,store_freshmart_01,prod_milk_01,Fresh Organic Whole Milk (1L),DAIRY,39
2026-05-15,store_freshmart_01,prod_bread_01,Artisan Whole Wheat Bread,BAKERY,33
2026-05-15,store_freshmart_01,prod_croissant_01,Butter Croissants 4-Pack,BAKERY,24
2026-05-15,store_freshmart_01,prod_tomatoes_01,Organic Roma Tomatoes (1kg),PRODUCE,33
2026-05-15,store_freshmart_01,prod_chicken_01,Fresh Chicken Breast (500g),MEAT,24
2026-05-15,store_freshmart_01,prod_yogurt_01,Greek Style Yogurt (500g),DAIRY,19
2026-05-15,store_freshmart_01,prod_rice_01,Basmati Rice (1kg),PANTRY,25
2026-05-15,store_freshmart_01,prod_apples_01,Royal Gala Apples (1kg),PRODUCE,25
2026-05-15,store_bakerydelight_02,prod_milk_01,Fresh Organic Whole Milk (1L),DAIRY,32
2026-05-15,store_bakerydelight_02,prod_bread_01,Artisan Whole Wheat Bread,BAKERY,30
2026-05-15,store_bakerydelight_02,prod_croissant_01,Butter Croissants 4-Pack,BAKERY,18
2026-05-15,store_bakerydelight_02,prod_tomatoes_01,Organic Roma Tomatoes (1kg),PRODUCE,29
2026-05-15,store_bakerydelight_02,prod_chicken_01,Fresh Chicken Breast (500g),MEAT,24
2026-05-15,store_bakerydelight_02,prod_yogurt_01,Greek Style Yogurt (500g),DAIRY,23
2026-05-15,store_bakerydelight_02,prod_rice_01,Basmati Rice (1kg),PANTRY,30
2026-05-15,store_bakerydelight_02,prod_apples_01,Royal Gala Apples (1kg),PRODUCE,21
2026-05-16,store_freshmart_01,prod_milk_01,Fresh Organic Whole Milk (1L),DAIRY,48
2026-05-16,store_freshmart_01,prod_bread_01,Artisan Whole Wheat Bread,BAKERY,43
2026-05-16,store_freshmart_01,prod_croissant_01,Butter Croissants 4-Pack,BAKERY,26
2026-05-16,store_freshmart_01,prod_tomatoes_01,Organic Roma Tomatoes (1kg),PRODUCE,43
2026-05-16,store_freshmart_01,prod_chicken_01,Fresh Chicken Breast (500g),MEAT,33
2026-05-16,store_freshmart_01,prod_yogurt_01,Greek Style Yogurt (500g),DAIRY,23
2026-05-16,store_freshmart_01,prod_rice_01,Basmati Rice (1kg),PANTRY,36
2026-05-16,store_freshmart_01,prod_apples_01,Royal Gala Apples (1kg),PRODUCE,31
2026-05-16,store_bakerydelight_02,prod_milk_01,Fresh Organic Whole Milk (1L),DAIRY,49
2026-05-16,store_bakerydelight_02,prod_bread_01,Artisan Whole Wheat Bread,BAKERY,41
2026-05-16,store_bakerydelight_02,prod_croissant_01,Butter Croissants 4-Pack,BAKERY,24
2026-05-16,store_bakerydelight_02,prod_tomatoes_01,Organic Roma Tomatoes (1kg),PRODUCE,45
2026-05-16,store_bakerydelight_02,prod_chicken_01,Fresh Chicken Breast (500g),MEAT,32
2026-05-16,store_bakerydelight_02,prod_yogurt_01,Greek Style Yogurt (500g),DAIRY,28
2026-05-16,store_bakerydelight_02,prod_rice_01,Basmati Rice (1kg),PANTRY,37
2026-05-16,store_bakerydelight_02,prod_apples_01,Royal Gala Apples (1kg),PRODUCE,39
2026-05-17,store_freshmart_01,prod_milk_01,Fresh Organic Whole Milk (1L),DAIRY,51
2026-05-17,store_freshmart_01,prod_bread_01,Artisan Whole Wheat Bread,BAKERY,39
2026-05-17,store_freshmart_01,prod_croissant_01,Butter Croissants 4-Pack,BAKERY,29
2026-05-17,store_freshmart_01,prod_tomatoes_01,Organic Roma Tomatoes (1kg),PRODUCE,45
2026-05-17,store_freshmart_01,prod_chicken_01,Fresh Chicken Breast (500g),MEAT,32
2026-05-17,store_freshmart_01,prod_yogurt_01,Greek Style Yogurt (500g),DAIRY,26
2026-05-17,store_freshmart_01,prod_rice_01,Basmati Rice (1kg),PANTRY,34
2026-05-17,store_freshmart_01,prod_apples_01,Royal Gala Apples (1kg),PRODUCE,33
2026-05-17,store_bakerydelight_02,prod_milk_01,Fresh Organic Whole Milk (1L),DAIRY,46
2026-05-17,store_bakerydelight_02,prod_bread_01,Artisan Whole Wheat Bread,BAKERY,46
2026-05-17,store_bakerydelight_02,prod_croissant_01,Butter Croissants 4-Pack,BAKERY,25
2026-05-17,store_bakerydelight_02,prod_tomatoes_01,Organic Roma Tomatoes (1kg),PRODUCE,41
2026-05-17,store_bakerydelight_02,prod_chicken_01,Fresh Chicken Breast (500g),MEAT,30
2026-05-17,store_bakerydelight_02,prod_yogurt_01,Greek Style Yogurt (500g),DAIRY,29
2026-05-17,store_bakerydelight_02,prod_rice_01,Basmati Rice (1kg),PANTRY,35
2026-05-17,store_bakerydelight_02,prod_apples_01,Royal Gala Apples (1kg),PRODUCE,38
2026-05-18,store_freshmart_01,prod_milk_01,Fresh Organic Whole Milk (1L),DAIRY,35
2026-05-18,store_freshmart_01,prod_bread_01,Artisan Whole Wheat Bread,BAKERY,31
2026-05-18,store_freshmart_01,prod_croissant_01,Butter Croissants 4-Pack,BAKERY,19
2026-05-18,store_freshmart_01,prod_tomatoes_01,Organic Roma Tomatoes (1kg),PRODUCE,39
2026-05-18,store_freshmart_01,prod_chicken_01,Fresh Chicken Breast (500g),MEAT,20
2026-05-18,store_freshmart_01,prod_yogurt_01,Greek Style Yogurt (500g),DAIRY,20
2026-05-18,store_freshmart_01,prod_rice_01,Basmati Rice (1kg),PANTRY,29
2026-05-18,store_freshmart_01,prod_apples_01,Royal Gala Apples (1kg),PRODUCE,27
2026-05-18,store_bakerydelight_02,prod_milk_01,Fresh Organic Whole Milk (1L),DAIRY,37
2026-05-18,store_bakerydelight_02,prod_bread_01,Artisan Whole Wheat Bread,BAKERY,30
2026-05-18,store_bakerydelight_02,prod_croissant_01,Butter Croissants 4-Pack,BAKERY,22
2026-05-18,store_bakerydelight_02,prod_tomatoes_01,Organic Roma Tomatoes (1kg),PRODUCE,32
2026-05-18,store_bakerydelight_02,prod_chicken_01,Fresh Chicken Breast (500g),MEAT,26
2026-05-18,store_bakerydelight_02,prod_yogurt_01,Greek Style Yogurt (500g),DAIRY,26
2026-05-18,store_bakerydelight_02,prod_rice_01,Basmati Rice (1kg),PANTRY,25
2026-05-18,store_bakerydelight_02,prod_apples_01,Royal Gala Apples (1kg),PRODUCE,22
2026-05-19,store_freshmart_01,prod_milk_01,Fresh Organic Whole Milk (1L),DAIRY,37
2026-05-19,store_freshmart_01,prod_bread_01,Artisan Whole Wheat Bread,BAKERY,38
2026-05-19,store_freshmart_01,prod_croissant_01,Butter Croissants 4-Pack,BAKERY,19
2026-05-19,store_freshmart_01,prod_tomatoes_01,Organic Roma Tomatoes (1kg),PRODUCE,37
2026-05-19,store_freshmart_01,prod_chicken_01,Fresh Chicken Breast (500g),MEAT,29
2026-05-19,store_freshmart_01,prod_yogurt_01,Greek Style Yogurt (500g),DAIRY,18
2026-05-19,store_freshmart_01,prod_rice_01,Basmati Rice (1kg),PANTRY,28
2026-05-19,store_freshmart_01,prod_apples_01,Royal Gala Apples (1kg),PRODUCE,31
2026-05-19,store_bakerydelight_02,prod_milk_01,Fresh Organic Whole Milk (1L),DAIRY,36
2026-05-19,store_bakerydelight_02,prod_bread_01,Artisan Whole Wheat Bread,BAKERY,29
2026-05-19,store_bakerydelight_02,prod_croissant_01,Butter Croissants 4-Pack,BAKERY,20
2026-05-19,store_bakerydelight_02,prod_tomatoes_01,Organic Roma Tomatoes (1kg),PRODUCE,29
2026-05-19,store_bakerydelight_02,prod_chicken_01,Fresh Chicken Breast (500g),MEAT,22
2026-05-19,store_bakerydelight_02,prod_yogurt_01,Greek Style Yogurt (500g),DAIRY,16
2026-05-19,store_bakerydelight_02,prod_rice_01,Basmati Rice (1kg),PANTRY,27
2026-05-19,store_bakerydelight_02,prod_apples_01,Royal Gala Apples (1kg),PRODUCE,23
2026-05-20,store_freshmart_01,prod_milk_01,Fresh Organic Whole Milk (1L),DAIRY,38
2026-05-20,store_freshmart_01,prod_bread_01,Artisan Whole Wheat Bread,BAKERY,25
2026-05-20,store_freshmart_01,prod_croissant_01,Butter Croissants 4-Pack,BAKERY,22
2026-05-20,store_freshmart_01,prod_tomatoes_01,Organic Roma Tomatoes (1kg),PRODUCE,35
2026-05-20,store_freshmart_01,prod_chicken_01,Fresh Chicken Breast (500g),MEAT,17
2026-05-20,store_freshmart_01,prod_yogurt_01,Greek Style Yogurt (500g),DAIRY,20
2026-05-20,store_freshmart_01,prod_rice_01,Basmati Rice (1kg),PANTRY,30
2026-05-20,store_freshmart_01,prod_apples_01,Royal Gala Apples (1kg),PRODUCE,22
2026-05-20,store_bakerydelight_02,prod_milk_01,Fresh Organic Whole Milk (1L),DAIRY,42
2026-05-20,store_bakerydelight_02,prod_bread_01,Artisan Whole Wheat Bread,BAKERY,31
2026-05-20,store_bakerydelight_02,prod_croissant_01,Butter Croissants 4-Pack,BAKERY,19
2026-05-20,store_bakerydelight_02,prod_tomatoes_01,Organic Roma Tomatoes (1kg),PRODUCE,32
2026-05-20,store_bakerydelight_02,prod_chicken_01,Fresh Chicken Breast (500g),MEAT,25
2026-05-20,store_bakerydelight_02,prod_yogurt_01,Greek Style Yogurt (500g),DAIRY,19
2026-05-20,store_bakerydelight_02,prod_rice_01,Basmati Rice (1kg),PANTRY,28
2026-05-20,store_bakerydelight_02,prod_apples_01,Royal Gala Apples (1kg),PRODUCE,23
2026-05-21,store_freshmart_01,prod_milk_01,Fresh Organic Whole Milk (1L),DAIRY,38
2026-05-21,store_freshmart_01,prod_bread_01,Artisan Whole Wheat Bread,BAKERY,26
2026-05-21,store_freshmart_01,prod_croissant_01,Butter Croissants 4-Pack,BAKERY,21
2026-05-21,store_freshmart_01,prod_tomatoes_01,Organic Roma Tomatoes (1kg),PRODUCE,29
2026-05-21,store_freshmart_01,prod_chicken_01,Fresh Chicken Breast (500g),MEAT,21
2026-05-21,store_freshmart_01,prod_yogurt_01,Greek Style Yogurt (500g),DAIRY,23
2026-05-21,store_freshmart_01,prod_rice_01,Basmati Rice (1kg),PANTRY,30
2026-05-21,store_freshmart_01,prod_apples_01,Royal Gala Apples (1kg),PRODUCE,27
2026-05-21,store_bakerydelight_02,prod_milk_01,Fresh Organic Whole Milk (1L),DAIRY,34
2026-05-21,store_bakerydelight_02,prod_bread_01,Artisan Whole Wheat Bread,BAKERY,29
2026-05-21,store_bakerydelight_02,prod_croissant_01,Butter Croissants 4-Pack,BAKERY,25
2026-05-21,store_bakerydelight_02,prod_tomatoes_01,Organic Roma Tomatoes (1kg),PRODUCE,32
2026-05-21,store_bakerydelight_02,prod_chicken_01,Fresh Chicken Breast (500g),MEAT,30
2026-05-21,store_bakerydelight_02,prod_yogurt_01,Greek Style Yogurt (500g),DAIRY,20
2026-05-21,store_bakerydelight_02,prod_rice_01,Basmati Rice (1kg),PANTRY,27
2026-05-21,store_bakerydelight_02,prod_apples_01,Royal Gala Apples (1kg),PRODUCE,25
2026-05-22,store_freshmart_01,prod_milk_01,Fresh Organic Whole Milk (1L),DAIRY,38
2026-05-22,store_freshmart_01,prod_bread_01,Artisan Whole Wheat Bread,BAKERY,29
2026-05-22,store_freshmart_01,prod_croissant_01,Butter Croissants 4-Pack,BAKERY,23
2026-05-22,store_freshmart_01,prod_tomatoes_01,Organic Roma Tomatoes (1kg),PRODUCE,35
2026-05-22,store_freshmart_01,prod_chicken_01,Fresh Chicken Breast (500g),MEAT,21
2026-05-22,store_freshmart_01,prod_yogurt_01,Greek Style Yogurt (500g),DAIRY,15
2026-05-22,store_freshmart_01,prod_rice_01,Basmati Rice (1kg),PANTRY,21
2026-05-22,store_freshmart_01,prod_apples_01,Royal Gala Apples (1kg),PRODUCE,27
2026-05-22,store_bakerydelight_02,prod_milk_01,Fresh Organic Whole Milk (1L),DAIRY,34
2026-05-22,store_bakerydelight_02,prod_bread_01,Artisan Whole Wheat Bread,BAKERY,23
2026-05-22,store_bakerydelight_02,prod_croissant_01,Butter Croissants 4-Pack,BAKERY,22
2026-05-22,store_bakerydelight_02,prod_tomatoes_01,Organic Roma Tomatoes (1kg),PRODUCE,39
2026-05-22,store_bakerydelight_02,prod_chicken_01,Fresh Chicken Breast (500g),MEAT,23
2026-05-22,store_bakerydelight_02,prod_yogurt_01,Greek Style Yogurt (500g),DAIRY,22
2026-05-22,store_bakerydelight_02,prod_rice_01,Basmati Rice (1kg),PANTRY,27
2026-05-22,store_bakerydelight_02,prod_apples_01,Royal Gala Apples (1kg),PRODUCE,25
2026-05-23,store_freshmart_01,prod_milk_01,Fresh Organic Whole Milk (1L),DAIRY,53
2026-05-23,store_freshmart_01,prod_bread_01,Artisan Whole Wheat Bread,BAKERY,39
2026-05-23,store_freshmart_01,prod_croissant_01,Butter Croissants 4-Pack,BAKERY,30
2026-05-23,store_freshmart_01,prod_tomatoes_01,Organic Roma Tomatoes (1kg),PRODUCE,44
2026-05-23,store_freshmart_01,prod_chicken_01,Fresh Chicken Breast (500g),MEAT,30
2026-05-23,store_freshmart_01,prod_yogurt_01,Greek Style Yogurt (500g),DAIRY,29
2026-05-23,store_freshmart_01,prod_rice_01,Basmati Rice (1kg),PANTRY,35
2026-05-23,store_freshmart_01,prod_apples_01,Royal Gala Apples (1kg),PRODUCE,32
2026-05-23,store_bakerydelight_02,prod_milk_01,Fresh Organic Whole Milk (1L),DAIRY,52
2026-05-23,store_bakerydelight_02,prod_bread_01,Artisan Whole Wheat Bread,BAKERY,37
2026-05-23,store_bakerydelight_02,prod_croissant_01,Butter Croissants 4-Pack,BAKERY,29
2026-05-23,store_bakerydelight_02,prod_tomatoes_01,Organic Roma Tomatoes (1kg),PRODUCE,43
2026-05-23,store_bakerydelight_02,prod_chicken_01,Fresh Chicken Breast (500g),MEAT,35
2026-05-23,store_bakerydelight_02,prod_yogurt_01,Greek Style Yogurt (500g),DAIRY,27
2026-05-23,store_bakerydelight_02,prod_rice_01,Basmati Rice (1kg),PANTRY,36
2026-05-23,store_bakerydelight_02,prod_apples_01,Royal Gala Apples (1kg),PRODUCE,37
2026-05-24,store_freshmart_01,prod_milk_01,Fresh Organic Whole Milk (1L),DAIRY,54
2026-05-24,store_freshmart_01,prod_bread_01,Artisan Whole Wheat Bread,BAKERY,42
2026-05-24,store_freshmart_01,prod_croissant_01,Butter Croissants 4-Pack,BAKERY,29
2026-05-24,store_freshmart_01,prod_tomatoes_01,Organic Roma Tomatoes (1kg),PRODUCE,39
2026-05-24,store_freshmart_01,prod_chicken_01,Fresh Chicken Breast (500g),MEAT,28
2026-05-24,store_freshmart_01,prod_yogurt_01,Greek Style Yogurt (500g),DAIRY,25
2026-05-24,store_freshmart_01,prod_rice_01,Basmati Rice (1kg),PANTRY,34
2026-05-24,store_freshmart_01,prod_apples_01,Royal Gala Apples (1kg),PRODUCE,34
2026-05-24,store_bakerydelight_02,prod_milk_01,Fresh Organic Whole Milk (1L),DAIRY,50
2026-05-24,store_bakerydelight_02,prod_bread_01,Artisan Whole Wheat Bread,BAKERY,42
2026-05-24,store_bakerydelight_02,prod_croissant_01,Butter Croissants 4-Pack,BAKERY,28
2026-05-24,store_bakerydelight_02,prod_tomatoes_01,Organic Roma Tomatoes (1kg),PRODUCE,44
2026-05-24,store_bakerydelight_02,prod_chicken_01,Fresh Chicken Breast (500g),MEAT,32
2026-05-24,store_bakerydelight_02,prod_yogurt_01,Greek Style Yogurt (500g),DAIRY,20
2026-05-24,store_bakerydelight_02,prod_rice_01,Basmati Rice (1kg),PANTRY,33
2026-05-24,store_bakerydelight_02,prod_apples_01,Royal Gala Apples (1kg),PRODUCE,34
2026-05-25,store_freshmart_01,prod_milk_01,Fresh Organic Whole Milk (1L),DAIRY,33
2026-05-25,store_freshmart_01,prod_bread_01,Artisan Whole Wheat Bread,BAKERY,31
2026-05-25,store_freshmart_01,prod_croissant_01,Butter Croissants 4-Pack,BAKERY,26
2026-05-25,store_freshmart_01,prod_tomatoes_01,Organic Roma Tomatoes (1kg),PRODUCE,35
2026-05-25,store_freshmart_01,prod_chicken_01,Fresh Chicken Breast (500g),MEAT,23
2026-05-25,store_freshmart_01,prod_yogurt_01,Greek Style Yogurt (500g),DAIRY,24
2026-05-25,store_freshmart_01,prod_rice_01,Basmati Rice (1kg),PANTRY,27
2026-05-25,store_freshmart_01,prod_apples_01,Royal Gala Apples (1kg),PRODUCE,24
2026-05-25,store_bakerydelight_02,prod_milk_01,Fresh Organic Whole Milk (1L),DAIRY,35
2026-05-25,store_bakerydelight_02,prod_bread_01,Artisan Whole Wheat Bread,BAKERY,29
2026-05-25,store_bakerydelight_02,prod_croissant_01,Butter Croissants 4-Pack,BAKERY,20
2026-05-25,store_bakerydelight_02,prod_tomatoes_01,Organic Roma Tomatoes (1kg),PRODUCE,32
2026-05-25,store_bakerydelight_02,prod_chicken_01,Fresh Chicken Breast (500g),MEAT,24
2026-05-25,store_bakerydelight_02,prod_yogurt_01,Greek Style Yogurt (500g),DAIRY,19
2026-05-25,store_bakerydelight_02,prod_rice_01,Basmati Rice (1kg),PANTRY,28
2026-05-25,store_bakerydelight_02,prod_apples_01,Royal Gala Apples (1kg),PRODUCE,29
2026-05-26,store_freshmart_01,prod_milk_01,Fresh Organic Whole Milk (1L),DAIRY,40
2026-05-26,store_freshmart_01,prod_bread_01,Artisan Whole Wheat Bread,BAKERY,25
2026-05-26,store_freshmart_01,prod_croissant_01,Butter Croissants 4-Pack,BAKERY,14
2026-05-26,store_freshmart_01,prod_tomatoes_01,Organic Roma Tomatoes (1kg),PRODUCE,35
2026-05-26,store_freshmart_01,prod_chicken_01,Fresh Chicken Breast (500g),MEAT,19
2026-05-26,store_freshmart_01,prod_yogurt_01,Greek Style Yogurt (500g),DAIRY,18
2026-05-26,store_freshmart_01,prod_rice_01,Basmati Rice (1kg),PANTRY,23
2026-05-26,store_freshmart_01,prod_apples_01,Royal Gala Apples (1kg),PRODUCE,20
2026-05-26,store_bakerydelight_02,prod_milk_01,Fresh Organic Whole Milk (1L),DAIRY,39
2026-05-26,store_bakerydelight_02,prod_bread_01,Artisan Whole Wheat Bread,BAKERY,32
2026-05-26,store_bakerydelight_02,prod_croissant_01,Butter Croissants 4-Pack,BAKERY,19
2026-05-26,store_bakerydelight_02,prod_tomatoes_01,Organic Roma Tomatoes (1kg),PRODUCE,24
2026-05-26,store_bakerydelight_02,prod_chicken_01,Fresh Chicken Breast (500g),MEAT,22
2026-05-26,store_bakerydelight_02,prod_yogurt_01,Greek Style Yogurt (500g),DAIRY,20
2026-05-26,store_bakerydelight_02,prod_rice_01,Basmati Rice (1kg),PANTRY,22
2026-05-26,store_bakerydelight_02,prod_apples_01,Royal Gala Apples (1kg),PRODUCE,26
2026-05-27,store_freshmart_01,prod_milk_01,Fresh Organic Whole Milk (1L),DAIRY,37
2026-05-27,store_freshmart_01,prod_bread_01,Artisan Whole Wheat Bread,BAKERY,31
2026-05-27,store_freshmart_01,prod_croissant_01,Butter Croissants 4-Pack,BAKERY,22
2026-05-27,store_freshmart_01,prod_tomatoes_01,Organic Roma Tomatoes (1kg),PRODUCE,29
2026-05-27,store_freshmart_01,prod_chicken_01,Fresh Chicken Breast (500g),MEAT,27
2026-05-27,store_freshmart_01,prod_yogurt_01,Greek Style Yogurt (500g),DAIRY,19
2026-05-27,store_freshmart_01,prod_rice_01,Basmati Rice (1kg),PANTRY,26
2026-05-27,store_freshmart_01,prod_apples_01,Royal Gala Apples (1kg),PRODUCE,23
2026-05-27,store_bakerydelight_02,prod_milk_01,Fresh Organic Whole Milk (1L),DAIRY,36
2026-05-27,store_bakerydelight_02,prod_bread_01,Artisan Whole Wheat Bread,BAKERY,27
2026-05-27,store_bakerydelight_02,prod_croissant_01,Butter Croissants 4-Pack,BAKERY,21
2026-05-27,store_bakerydelight_02,prod_tomatoes_01,Organic Roma Tomatoes (1kg),PRODUCE,37
2026-05-27,store_bakerydelight_02,prod_chicken_01,Fresh Chicken Breast (500g),MEAT,19
2026-05-27,store_bakerydelight_02,prod_yogurt_01,Greek Style Yogurt (500g),DAIRY,14
2026-05-27,store_bakerydelight_02,prod_rice_01,Basmati Rice (1kg),PANTRY,31
2026-05-27,store_bakerydelight_02,prod_apples_01,Royal Gala Apples (1kg),PRODUCE,25
2026-05-28,store_freshmart_01,prod_milk_01,Fresh Organic Whole Milk (1L),DAIRY,35
2026-05-28,store_freshmart_01,prod_bread_01,Artisan Whole Wheat Bread,BAKERY,33
2026-05-28,store_freshmart_01,prod_croissant_01,Butter Croissants 4-Pack,BAKERY,19
2026-05-28,store_freshmart_01,prod_tomatoes_01,Organic Roma Tomatoes (1kg),PRODUCE,37
2026-05-28,store_freshmart_01,prod_chicken_01,Fresh Chicken Breast (500g),MEAT,25
2026-05-28,store_freshmart_01,prod_yogurt_01,Greek Style Yogurt (500g),DAIRY,18
2026-05-28,store_freshmart_01,prod_rice_01,Basmati Rice (1kg),PANTRY,33
2026-05-28,store_freshmart_01,prod_apples_01,Royal Gala Apples (1kg),PRODUCE,24
2026-05-28,store_bakerydelight_02,prod_milk_01,Fresh Organic Whole Milk (1L),DAIRY,39
2026-05-28,store_bakerydelight_02,prod_bread_01,Artisan Whole Wheat Bread,BAKERY,30
2026-05-28,store_bakerydelight_02,prod_croissant_01,Butter Croissants 4-Pack,BAKERY,25
2026-05-28,store_bakerydelight_02,prod_tomatoes_01,Organic Roma Tomatoes (1kg),PRODUCE,36
2026-05-28,store_bakerydelight_02,prod_chicken_01,Fresh Chicken Breast (500g),MEAT,23
2026-05-28,store_bakerydelight_02,prod_yogurt_01,Greek Style Yogurt (500g),DAIRY,17
2026-05-28,store_bakerydelight_02,prod_rice_01,Basmati Rice (1kg),PANTRY,28
2026-05-28,store_bakerydelight_02,prod_apples_01,Royal Gala Apples (1kg),PRODUCE,23
2026-05-29,store_freshmart_01,prod_milk_01,Fresh Organic Whole Milk (1L),DAIRY,43
2026-05-29,store_freshmart_01,prod_bread_01,Artisan Whole Wheat Bread,BAKERY,30
2026-05-29,store_freshmart_01,prod_croissant_01,Butter Croissants 4-Pack,BAKERY,20
2026-05-29,store_freshmart_01,prod_tomatoes_01,Organic Roma Tomatoes (1kg),PRODUCE,32
2026-05-29,store_freshmart_01,prod_chicken_01,Fresh Chicken Breast (500g),MEAT,19
2026-05-29,store_freshmart_01,prod_yogurt_01,Greek Style Yogurt (500g),DAIRY,16
2026-05-29,store_freshmart_01,prod_rice_01,Basmati Rice (1kg),PANTRY,30
2026-05-29,store_freshmart_01,prod_apples_01,Royal Gala Apples (1kg),PRODUCE,23
2026-05-29,store_bakerydelight_02,prod_milk_01,Fresh Organic Whole Milk (1L),DAIRY,34
2026-05-29,store_bakerydelight_02,prod_bread_01,Artisan Whole Wheat Bread,BAKERY,31
2026-05-29,store_bakerydelight_02,prod_croissant_01,Butter Croissants 4-Pack,BAKERY,25
2026-05-29,store_bakerydelight_02,prod_tomatoes_01,Organic Roma Tomatoes (1kg),PRODUCE,34
2026-05-29,store_bakerydelight_02,prod_chicken_01,Fresh Chicken Breast (500g),MEAT,26
2026-05-29,store_bakerydelight_02,prod_yogurt_01,Greek Style Yogurt (500g),DAIRY,17
2026-05-29,store_bakerydelight_02,prod_rice_01,Basmati Rice (1kg),PANTRY,22
2026-05-29,store_bakerydelight_02,prod_apples_01,Royal Gala Apples (1kg),PRODUCE,30
2026-05-30,store_freshmart_01,prod_milk_01,Fresh Organic Whole Milk (1L),DAIRY,49
2026-05-30,store_freshmart_01,prod_bread_01,Artisan Whole Wheat Bread,BAKERY,39
2026-05-30,store_freshmart_01,prod_croissant_01,Butter Croissants 4-Pack,BAKERY,32
2026-05-30,store_freshmart_01,prod_tomatoes_01,Organic Roma Tomatoes (1kg),PRODUCE,44
2026-05-30,store_freshmart_01,prod_chicken_01,Fresh Chicken Breast (500g),MEAT,33
2026-05-30,store_freshmart_01,prod_yogurt_01,Greek Style Yogurt (500g),DAIRY,32
2026-05-30,store_freshmart_01,prod_rice_01,Basmati Rice (1kg),PANTRY,34
2026-05-30,store_freshmart_01,prod_apples_01,Royal Gala Apples (1kg),PRODUCE,37
2026-05-30,store_bakerydelight_02,prod_milk_01,Fresh Organic Whole Milk (1L),DAIRY,50
2026-05-30,store_bakerydelight_02,prod_bread_01,Artisan Whole Wheat Bread,BAKERY,41
2026-05-30,store_bakerydelight_02,prod_croissant_01,Butter Croissants 4-Pack,BAKERY,33
2026-05-30,store_bakerydelight_02,prod_tomatoes_01,Organic Roma Tomatoes (1kg),PRODUCE,44
2026-05-30,store_bakerydelight_02,prod_chicken_01,Fresh Chicken Breast (500g),MEAT,33
2026-05-30,store_bakerydelight_02,prod_yogurt_01,Greek Style Yogurt (500g),DAIRY,29
2026-05-30,store_bakerydelight_02,prod_rice_01,Basmati Rice (1kg),PANTRY,34
2026-05-30,store_bakerydelight_02,prod_apples_01,Royal Gala Apples (1kg),PRODUCE,32
2026-05-31,store_freshmart_01,prod_milk_01,Fresh Organic Whole Milk (1L),DAIRY,47
2026-05-31,store_freshmart_01,prod_bread_01,Artisan Whole Wheat Bread,BAKERY,34
2026-05-31,store_freshmart_01,prod_croissant_01,Butter Croissants 4-Pack,BAKERY,35
2026-05-31,store_freshmart_01,prod_tomatoes_01,Organic Roma Tomatoes (1kg),PRODUCE,39
2026-05-31,store_freshmart_01,prod_chicken_01,Fresh Chicken Breast (500g),MEAT,31
2026-05-31,store_freshmart_01,prod_yogurt_01,Greek Style Yogurt (500g),DAIRY,25
2026-05-31,store_freshmart_01,prod_rice_01,Basmati Rice (1kg),PANTRY,36
2026-05-31,store_freshmart_01,prod_apples_01,Royal Gala Apples (1kg),PRODUCE,37
2026-05-31,store_bakerydelight_02,prod_milk_01,Fresh Organic Whole Milk (1L),DAIRY,52
2026-05-31,store_bakerydelight_02,prod_bread_01,Artisan Whole Wheat Bread,BAKERY,38
2026-05-31,store_bakerydelight_02,prod_croissant_01,Butter Croissants 4-Pack,BAKERY,28
2026-05-31,store_bakerydelight_02,prod_tomatoes_01,Organic Roma Tomatoes (1kg),PRODUCE,43
2026-05-31,store_bakerydelight_02,prod_chicken_01,Fresh Chicken Breast (500g),MEAT,30
2026-05-31,store_bakerydelight_02,prod_yogurt_01,Greek Style Yogurt (500g),DAIRY,30
2026-05-31,store_bakerydelight_02,prod_rice_01,Basmati Rice (1kg),PANTRY,37
2026-05-31,store_bakerydelight_02,prod_apples_01,Royal Gala Apples (1kg),PRODUCE,36
2026-06-01,store_freshmart_01,prod_milk_01,Fresh Organic Whole Milk (1L),DAIRY,39
2026-06-01,store_freshmart_01,prod_bread_01,Artisan Whole Wheat Bread,BAKERY,33
2026-06-01,store_freshmart_01,prod_croissant_01,Butter Croissants 4-Pack,BAKERY,22
2026-06-01,store_freshmart_01,prod_tomatoes_01,Organic Roma Tomatoes (1kg),PRODUCE,28
2026-06-01,store_freshmart_01,prod_chicken_01,Fresh Chicken Breast (500g),MEAT,24
2026-06-01,store_freshmart_01,prod_yogurt_01,Greek Style Yogurt (500g),DAIRY,17
2026-06-01,store_freshmart_01,prod_rice_01,Basmati Rice (1kg),PANTRY,25
2026-06-01,store_freshmart_01,prod_apples_01,Royal Gala Apples (1kg),PRODUCE,27
2026-06-01,store_bakerydelight_02,prod_milk_01,Fresh Organic Whole Milk (1L),DAIRY,40
2026-06-01,store_bakerydelight_02,prod_bread_01,Artisan Whole Wheat Bread,BAKERY,29
2026-06-01,store_bakerydelight_02,prod_croissant_01,Butter Croissants 4-Pack,BAKERY,22
2026-06-01,store_bakerydelight_02,prod_tomatoes_01,Organic Roma Tomatoes (1kg),PRODUCE,37
2026-06-01,store_bakerydelight_02,prod_chicken_01,Fresh Chicken Breast (500g),MEAT,24
2026-06-01,store_bakerydelight_02,prod_yogurt_01,Greek Style Yogurt (500g),DAIRY,27
2026-06-01,store_bakerydelight_02,prod_rice_01,Basmati Rice (1kg),PANTRY,28
2026-06-01,store_bakerydelight_02,prod_apples_01,Royal Gala Apples (1kg),PRODUCE,20
2026-06-02,store_freshmart_01,prod_milk_01,Fresh Organic Whole Milk (1L),DAIRY,39
2026-06-02,store_freshmart_01,prod_bread_01,Artisan Whole Wheat Bread,BAKERY,31
2026-06-02,store_freshmart_01,prod_croissant_01,Butter Croissants 4-Pack,BAKERY,25
2026-06-02,store_freshmart_01,prod_tomatoes_01,Organic Roma Tomatoes (1kg),PRODUCE,33
2026-06-02,store_freshmart_01,prod_chicken_01,Fresh Chicken Breast (500g),MEAT,23
2026-06-02,store_freshmart_01,prod_yogurt_01,Greek Style Yogurt (500g),DAIRY,15
2026-06-02,store_freshmart_01,prod_rice_01,Basmati Rice (1kg),PANTRY,26
2026-06-02,store_freshmart_01,prod_apples_01,Royal Gala Apples (1kg),PRODUCE,23
2026-06-02,store_bakerydelight_02,prod_milk_01,Fresh Organic Whole Milk (1L),DAIRY,35
2026-06-02,store_bakerydelight_02,prod_bread_01,Artisan Whole Wheat Bread,BAKERY,31
2026-06-02,store_bakerydelight_02,prod_croissant_01,Butter Croissants 4-Pack,BAKERY,26
2026-06-02,store_bakerydelight_02,prod_tomatoes_01,Organic Roma Tomatoes (1kg),PRODUCE,33
2026-06-02,store_bakerydelight_02,prod_chicken_01,Fresh Chicken Breast (500g),MEAT,19
2026-06-02,store_bakerydelight_02,prod_yogurt_01,Greek Style Yogurt (500g),DAIRY,20
2026-06-02,store_bakerydelight_02,prod_rice_01,Basmati Rice (1kg),PANTRY,30
2026-06-02,store_bakerydelight_02,prod_apples_01,Royal Gala Apples (1kg),PRODUCE,23
2026-06-03,store_freshmart_01,prod_milk_01,Fresh Organic Whole Milk (1L),DAIRY,36
2026-06-03,store_freshmart_01,prod_bread_01,Artisan Whole Wheat Bread,BAKERY,29
2026-06-03,store_freshmart_01,prod_croissant_01,Butter Croissants 4-Pack,BAKERY,19
2026-06-03,store_freshmart_01,prod_tomatoes_01,Organic Roma Tomatoes (1kg),PRODUCE,33
2026-06-03,store_freshmart_01,prod_chicken_01,Fresh Chicken Breast (500g),MEAT,23
2026-06-03,store_freshmart_01,prod_yogurt_01,Greek Style Yogurt (500g),DAIRY,20
2026-06-03,store_freshmart_01,prod_rice_01,Basmati Rice (1kg),PANTRY,24
2026-06-03,store_freshmart_01,prod_apples_01,Royal Gala Apples (1kg),PRODUCE,24
2026-06-03,store_bakerydelight_02,prod_milk_01,Fresh Organic Whole Milk (1L),DAIRY,39
2026-06-03,store_bakerydelight_02,prod_bread_01,Artisan Whole Wheat Bread,BAKERY,28
2026-06-03,store_bakerydelight_02,prod_croissant_01,Butter Croissants 4-Pack,BAKERY,26
2026-06-03,store_bakerydelight_02,prod_tomatoes_01,Organic Roma Tomatoes (1kg),PRODUCE,30
2026-06-03,store_bakerydelight_02,prod_chicken_01,Fresh Chicken Breast (500g),MEAT,24
2026-06-03,store_bakerydelight_02,prod_yogurt_01,Greek Style Yogurt (500g),DAIRY,22
2026-06-03,store_bakerydelight_02,prod_rice_01,Basmati Rice (1kg),PANTRY,22
2026-06-03,store_bakerydelight_02,prod_apples_01,Royal Gala Apples (1kg),PRODUCE,20
2026-06-04,store_freshmart_01,prod_milk_01,Fresh Organic Whole Milk (1L),DAIRY,32
2026-06-04,store_freshmart_01,prod_bread_01,Artisan Whole Wheat Bread,BAKERY,33
2026-06-04,store_freshmart_01,prod_croissant_01,Butter Croissants 4-Pack,BAKERY,19
2026-06-04,store_freshmart_01,prod_tomatoes_01,Organic Roma Tomatoes (1kg),PRODUCE,39
2026-06-04,store_freshmart_01,prod_chicken_01,Fresh Chicken Breast (500g),MEAT,21
2026-06-04,store_freshmart_01,prod_yogurt_01,Greek Style Yogurt (500g),DAIRY,19
2026-06-04,store_freshmart_01,prod_rice_01,Basmati Rice (1kg),PANTRY,31
2026-06-04,store_freshmart_01,prod_apples_01,Royal Gala Apples (1kg),PRODUCE,31
2026-06-04,store_bakerydelight_02,prod_milk_01,Fresh Organic Whole Milk (1L),DAIRY,43
2026-06-04,store_bakerydelight_02,prod_bread_01,Artisan Whole Wheat Bread,BAKERY,33
2026-06-04,store_bakerydelight_02,prod_croissant_01,Butter Croissants 4-Pack,BAKERY,24
2026-06-04,store_bakerydelight_02,prod_tomatoes_01,Organic Roma Tomatoes (1kg),PRODUCE,33
2026-06-04,store_bakerydelight_02,prod_chicken_01,Fresh Chicken Breast (500g),MEAT,25
2026-06-04,store_bakerydelight_02,prod_yogurt_01,Greek Style Yogurt (500g),DAIRY,17
2026-06-04,store_bakerydelight_02,prod_rice_01,Basmati Rice (1kg),PANTRY,24
2026-06-04,store_bakerydelight_02,prod_apples_01,Royal Gala Apples (1kg),PRODUCE,25
2026-06-05,store_freshmart_01,prod_milk_01,Fresh Organic Whole Milk (1L),DAIRY,36
2026-06-05,store_freshmart_01,prod_bread_01,Artisan Whole Wheat Bread,BAKERY,28
2026-06-05,store_freshmart_01,prod_croissant_01,Butter Croissants 4-Pack,BAKERY,23
2026-06-05,store_freshmart_01,prod_tomatoes_01,Organic Roma Tomatoes (1kg),PRODUCE,34
2026-06-05,store_freshmart_01,prod_chicken_01,Fresh Chicken Breast (500g),MEAT,23
2026-06-05,store_freshmart_01,prod_yogurt_01,Greek Style Yogurt (500g),DAIRY,23
2026-06-05,store_freshmart_01,prod_rice_01,Basmati Rice (1kg),PANTRY,23
2026-06-05,store_freshmart_01,prod_apples_01,Royal Gala Apples (1kg),PRODUCE,24
2026-06-05,store_bakerydelight_02,prod_milk_01,Fresh Organic Whole Milk (1L),DAIRY,34
2026-06-05,store_bakerydelight_02,prod_bread_01,Artisan Whole Wheat Bread,BAKERY,24
2026-06-05,store_bakerydelight_02,prod_croissant_01,Butter Croissants 4-Pack,BAKERY,21
2026-06-05,store_bakerydelight_02,prod_tomatoes_01,Organic Roma Tomatoes (1kg),PRODUCE,31
2026-06-05,store_bakerydelight_02,prod_chicken_01,Fresh Chicken Breast (500g),MEAT,28
2026-06-05,store_bakerydelight_02,prod_yogurt_01,Greek Style Yogurt (500g),DAIRY,21
2026-06-05,store_bakerydelight_02,prod_rice_01,Basmati Rice (1kg),PANTRY,23
2026-06-05,store_bakerydelight_02,prod_apples_01,Royal Gala Apples (1kg),PRODUCE,31
2026-06-06,store_freshmart_01,prod_milk_01,Fresh Organic Whole Milk (1L),DAIRY,53
2026-06-06,store_freshmart_01,prod_bread_01,Artisan Whole Wheat Bread,BAKERY,41
2026-06-06,store_freshmart_01,prod_croissant_01,Butter Croissants 4-Pack,BAKERY,27
2026-06-06,store_freshmart_01,prod_tomatoes_01,Organic Roma Tomatoes (1kg),PRODUCE,39
2026-06-06,store_freshmart_01,prod_chicken_01,Fresh Chicken Breast (500g),MEAT,30
2026-06-06,store_freshmart_01,prod_yogurt_01,Greek Style Yogurt (500g),DAIRY,29
2026-06-06,store_freshmart_01,prod_rice_01,Basmati Rice (1kg),PANTRY,41
2026-06-06,store_freshmart_01,prod_apples_01,Royal Gala Apples (1kg),PRODUCE,38
2026-06-06,store_bakerydelight_02,prod_milk_01,Fresh Organic Whole Milk (1L),DAIRY,48
2026-06-06,store_bakerydelight_02,prod_bread_01,Artisan Whole Wheat Bread,BAKERY,36
2026-06-06,store_bakerydelight_02,prod_croissant_01,Butter Croissants 4-Pack,BAKERY,29
2026-06-06,store_bakerydelight_02,prod_tomatoes_01,Organic Roma Tomatoes (1kg),PRODUCE,37
2026-06-06,store_bakerydelight_02,prod_chicken_01,Fresh Chicken Breast (500g),MEAT,32
2026-06-06,store_bakerydelight_02,prod_yogurt_01,Greek Style Yogurt (500g),DAIRY,25
2026-06-06,store_bakerydelight_02,prod_rice_01,Basmati Rice (1kg),PANTRY,34
2026-06-06,store_bakerydelight_02,prod_apples_01,Royal Gala Apples (1kg),PRODUCE,29
2026-06-07,store_freshmart_01,prod_milk_01,Fresh Organic Whole Milk (1L),DAIRY,51
2026-06-07,store_freshmart_01,prod_bread_01,Artisan Whole Wheat Bread,BAKERY,38
2026-06-07,store_freshmart_01,prod_croissant_01,Butter Croissants 4-Pack,BAKERY,25
2026-06-07,store_freshmart_01,prod_tomatoes_01,Organic Roma Tomatoes (1kg),PRODUCE,34
2026-06-07,store_freshmart_01,prod_chicken_01,Fresh Chicken Breast (500g),MEAT,31
2026-06-07,store_freshmart_01,prod_yogurt_01,Greek Style Yogurt (500g),DAIRY,31
2026-06-07,store_freshmart_01,prod_rice_01,Basmati Rice (1kg),PANTRY,40
2026-06-07,store_freshmart_01,prod_apples_01,Royal Gala Apples (1kg),PRODUCE,32
2026-06-07,store_bakerydelight_02,prod_milk_01,Fresh Organic Whole Milk (1L),DAIRY,47
2026-06-07,store_bakerydelight_02,prod_bread_01,Artisan Whole Wheat Bread,BAKERY,41
2026-06-07,store_bakerydelight_02,prod_croissant_01,Butter Croissants 4-Pack,BAKERY,25
2026-06-07,store_bakerydelight_02,prod_tomatoes_01,Organic Roma Tomatoes (1kg),PRODUCE,43
2026-06-07,store_bakerydelight_02,prod_chicken_01,Fresh Chicken Breast (500g),MEAT,33
2026-06-07,store_bakerydelight_02,prod_yogurt_01,Greek Style Yogurt (500g),DAIRY,29
2026-06-07,store_bakerydelight_02,prod_rice_01,Basmati Rice (1kg),PANTRY,35
2026-06-07,store_bakerydelight_02,prod_apples_01,Royal Gala Apples (1kg),PRODUCE,33
2026-06-08,store_freshmart_01,prod_milk_01,Fresh Organic Whole Milk (1L),DAIRY,34
2026-06-08,store_freshmart_01,prod_bread_01,Artisan Whole Wheat Bread,BAKERY,27
2026-06-08,store_freshmart_01,prod_croissant_01,Butter Croissants 4-Pack,BAKERY,20
2026-06-08,store_freshmart_01,prod_tomatoes_01,Organic Roma Tomatoes (1kg),PRODUCE,32
2026-06-08,store_freshmart_01,prod_chicken_01,Fresh Chicken Breast (500g),MEAT,26
2026-06-08,store_freshmart_01,prod_yogurt_01,Greek Style Yogurt (500g),DAIRY,16
2026-06-08,store_freshmart_01,prod_rice_01,Basmati Rice (1kg),PANTRY,30
2026-06-08,store_freshmart_01,prod_apples_01,Royal Gala Apples (1kg),PRODUCE,24
2026-06-08,store_bakerydelight_02,prod_milk_01,Fresh Organic Whole Milk (1L),DAIRY,36
2026-06-08,store_bakerydelight_02,prod_bread_01,Artisan Whole Wheat Bread,BAKERY,27
2026-06-08,store_bakerydelight_02,prod_croissant_01,Butter Croissants 4-Pack,BAKERY,14
2026-06-08,store_bakerydelight_02,prod_tomatoes_01,Organic Roma Tomatoes (1kg),PRODUCE,34
2026-06-08,store_bakerydelight_02,prod_chicken_01,Fresh Chicken Breast (500g),MEAT,25
2026-06-08,store_bakerydelight_02,prod_yogurt_01,Greek Style Yogurt (500g),DAIRY,18
2026-06-08,store_bakerydelight_02,prod_rice_01,Basmati Rice (1kg),PANTRY,26
2026-06-08,store_bakerydelight_02,prod_apples_01,Royal Gala Apples (1kg),PRODUCE,26
2026-06-09,store_freshmart_01,prod_milk_01,Fresh Organic Whole Milk (1L),DAIRY,32
2026-06-09,store_freshmart_01,prod_bread_01,Artisan Whole Wheat Bread,BAKERY,27
2026-06-09,store_freshmart_01,prod_croissant_01,Butter Croissants 4-Pack,BAKERY,23
2026-06-09,store_freshmart_01,prod_tomatoes_01,Organic Roma Tomatoes (1kg),PRODUCE,27
2026-06-09,store_freshmart_01,prod_chicken_01,Fresh Chicken Breast (500g),MEAT,24
2026-06-09,store_freshmart_01,prod_yogurt_01,Greek Style Yogurt (500g),DAIRY,15
2026-06-09,store_freshmart_01,prod_rice_01,Basmati Rice (1kg),PANTRY,27
2026-06-09,store_freshmart_01,prod_apples_01,Royal Gala Apples (1kg),PRODUCE,25
2026-06-09,store_bakerydelight_02,prod_milk_01,Fresh Organic Whole Milk (1L),DAIRY,31
2026-06-09,store_bakerydelight_02,prod_bread_01,Artisan Whole Wheat Bread,BAKERY,33
2026-06-09,store_bakerydelight_02,prod_croissant_01,Butter Croissants 4-Pack,BAKERY,19
2026-06-09,store_bakerydelight_02,prod_tomatoes_01,Organic Roma Tomatoes (1kg),PRODUCE,29
2026-06-09,store_bakerydelight_02,prod_chicken_01,Fresh Chicken Breast (500g),MEAT,23
2026-06-09,store_bakerydelight_02,prod_yogurt_01,Greek Style Yogurt (500g),DAIRY,22
2026-06-09,store_bakerydelight_02,prod_rice_01,Basmati Rice (1kg),PANTRY,23
2026-06-09,store_bakerydelight_02,prod_apples_01,Royal Gala Apples (1kg),PRODUCE,25
2026-06-10,store_freshmart_01,prod_milk_01,Fresh Organic Whole Milk (1L),DAIRY,38
2026-06-10,store_freshmart_01,prod_bread_01,Artisan Whole Wheat Bread,BAKERY,31
2026-06-10,store_freshmart_01,prod_croissant_01,Butter Croissants 4-Pack,BAKERY,21
2026-06-10,store_freshmart_01,prod_tomatoes_01,Organic Roma Tomatoes (1kg),PRODUCE,30
2026-06-10,store_freshmart_01,prod_chicken_01,Fresh Chicken Breast (500g),MEAT,20
2026-06-10,store_freshmart_01,prod_yogurt_01,Greek Style Yogurt (500g),DAIRY,19
2026-06-10,store_freshmart_01,prod_rice_01,Basmati Rice (1kg),PANTRY,23
2026-06-10,store_freshmart_01,prod_apples_01,Royal Gala Apples (1kg),PRODUCE,16
2026-06-10,store_bakerydelight_02,prod_milk_01,Fresh Organic Whole Milk (1L),DAIRY,38
2026-06-10,store_bakerydelight_02,prod_bread_01,Artisan Whole Wheat Bread,BAKERY,32
2026-06-10,store_bakerydelight_02,prod_croissant_01,Butter Croissants 4-Pack,BAKERY,14
2026-06-10,store_bakerydelight_02,prod_tomatoes_01,Organic Roma Tomatoes (1kg),PRODUCE,28
2026-06-10,store_bakerydelight_02,prod_chicken_01,Fresh Chicken Breast (500g),MEAT,25
2026-06-10,store_bakerydelight_02,prod_yogurt_01,Greek Style Yogurt (500g),DAIRY,25
2026-06-10,store_bakerydelight_02,prod_rice_01,Basmati Rice (1kg),PANTRY,26
2026-06-10,store_bakerydelight_02,prod_apples_01,Royal Gala Apples (1kg),PRODUCE,23
2026-06-11,store_freshmart_01,prod_milk_01,Fresh Organic Whole Milk (1L),DAIRY,36
2026-06-11,store_freshmart_01,prod_bread_01,Artisan Whole Wheat Bread,BAKERY,33
2026-06-11,store_freshmart_01,prod_croissant_01,Butter Croissants 4-Pack,BAKERY,19
2026-06-11,store_freshmart_01,prod_tomatoes_01,Organic Roma Tomatoes (1kg),PRODUCE,29
2026-06-11,store_freshmart_01,prod_chicken_01,Fresh Chicken Breast (500g),MEAT,21
2026-06-11,store_freshmart_01,prod_yogurt_01,Greek Style Yogurt (500g),DAIRY,16
2026-06-11,store_freshmart_01,prod_rice_01,Basmati Rice (1kg),PANTRY,26
2026-06-11,store_freshmart_01,prod_apples_01,Royal Gala Apples (1kg),PRODUCE,30
2026-06-11,store_bakerydelight_02,prod_milk_01,Fresh Organic Whole Milk (1L),DAIRY,37
2026-06-11,store_bakerydelight_02,prod_bread_01,Artisan Whole Wheat Bread,BAKERY,28
2026-06-11,store_bakerydelight_02,prod_croissant_01,Butter Croissants 4-Pack,BAKERY,20
2026-06-11,store_bakerydelight_02,prod_tomatoes_01,Organic Roma Tomatoes (1kg),PRODUCE,26
2026-06-11,store_bakerydelight_02,prod_chicken_01,Fresh Chicken Breast (500g),MEAT,25
2026-06-11,store_bakerydelight_02,prod_yogurt_01,Greek Style Yogurt (500g),DAIRY,18
2026-06-11,store_bakerydelight_02,prod_rice_01,Basmati Rice (1kg),PANTRY,25
2026-06-11,store_bakerydelight_02,prod_apples_01,Royal Gala Apples (1kg),PRODUCE,34
2026-06-12,store_freshmart_01,prod_milk_01,Fresh Organic Whole Milk (1L),DAIRY,37
2026-06-12,store_freshmart_01,prod_bread_01,Artisan Whole Wheat Bread,BAKERY,27
2026-06-12,store_freshmart_01,prod_croissant_01,Butter Croissants 4-Pack,BAKERY,19
2026-06-12,store_freshmart_01,prod_tomatoes_01,Organic Roma Tomatoes (1kg),PRODUCE,34
2026-06-12,store_freshmart_01,prod_chicken_01,Fresh Chicken Breast (500g),MEAT,23
2026-06-12,store_freshmart_01,prod_yogurt_01,Greek Style Yogurt (500g),DAIRY,14
2026-06-12,store_freshmart_01,prod_rice_01,Basmati Rice (1kg),PANTRY,29
2026-06-12,store_freshmart_01,prod_apples_01,Royal Gala Apples (1kg),PRODUCE,23
2026-06-12,store_bakerydelight_02,prod_milk_01,Fresh Organic Whole Milk (1L),DAIRY,42
2026-06-12,store_bakerydelight_02,prod_bread_01,Artisan Whole Wheat Bread,BAKERY,32
2026-06-12,store_bakerydelight_02,prod_croissant_01,Butter Croissants 4-Pack,BAKERY,19
2026-06-12,store_bakerydelight_02,prod_tomatoes_01,Organic Roma Tomatoes (1kg),PRODUCE,35
2026-06-12,store_bakerydelight_02,prod_chicken_01,Fresh Chicken Breast (500g),MEAT,23
2026-06-12,store_bakerydelight_02,prod_yogurt_01,Greek Style Yogurt (500g),DAIRY,21
2026-06-12,store_bakerydelight_02,prod_rice_01,Basmati Rice (1kg),PANTRY,27
2026-06-12,store_bakerydelight_02,prod_apples_01,Royal Gala Apples (1kg),PRODUCE,22
2026-06-13,store_freshmart_01,prod_milk_01,Fresh Organic Whole Milk (1L),DAIRY,47
2026-06-13,store_freshmart_01,prod_bread_01,Artisan Whole Wheat Bread,BAKERY,42
2026-06-13,store_freshmart_01,prod_croissant_01,Butter Croissants 4-Pack,BAKERY,27
2026-06-13,store_freshmart_01,prod_tomatoes_01,Organic Roma Tomatoes (1kg),PRODUCE,41
2026-06-13,store_freshmart_01,prod_chicken_01,Fresh Chicken Breast (500g),MEAT,28
2026-06-13,store_freshmart_01,prod_yogurt_01,Greek Style Yogurt (500g),DAIRY,26
2026-06-13,store_freshmart_01,prod_rice_01,Basmati Rice (1kg),PANTRY,41
2026-06-13,store_freshmart_01,prod_apples_01,Royal Gala Apples (1kg),PRODUCE,30
2026-06-13,store_bakerydelight_02,prod_milk_01,Fresh Organic Whole Milk (1L),DAIRY,49
2026-06-13,store_bakerydelight_02,prod_bread_01,Artisan Whole Wheat Bread,BAKERY,43
2026-06-13,store_bakerydelight_02,prod_croissant_01,Butter Croissants 4-Pack,BAKERY,28
2026-06-13,store_bakerydelight_02,prod_tomatoes_01,Organic Roma Tomatoes (1kg),PRODUCE,43
2026-06-13,store_bakerydelight_02,prod_chicken_01,Fresh Chicken Breast (500g),MEAT,27
2026-06-13,store_bakerydelight_02,prod_yogurt_01,Greek Style Yogurt (500g),DAIRY,26
2026-06-13,store_bakerydelight_02,prod_rice_01,Basmati Rice (1kg),PANTRY,34
2026-06-13,store_bakerydelight_02,prod_apples_01,Royal Gala Apples (1kg),PRODUCE,36
2026-06-14,store_freshmart_01,prod_milk_01,Fresh Organic Whole Milk (1L),DAIRY,52
2026-06-14,store_freshmart_01,prod_bread_01,Artisan Whole Wheat Bread,BAKERY,47
2026-06-14,store_freshmart_01,prod_croissant_01,Butter Croissants 4-Pack,BAKERY,30
2026-06-14,store_freshmart_01,prod_tomatoes_01,Organic Roma Tomatoes (1kg),PRODUCE,43
2026-06-14,store_freshmart_01,prod_chicken_01,Fresh Chicken Breast (500g),MEAT,31
2026-06-14,store_freshmart_01,prod_yogurt_01,Greek Style Yogurt (500g),DAIRY,24
2026-06-14,store_freshmart_01,prod_rice_01,Basmati Rice (1kg),PANTRY,36
2026-06-14,store_freshmart_01,prod_apples_01,Royal Gala Apples (1kg),PRODUCE,32
2026-06-14,store_bakerydelight_02,prod_milk_01,Fresh Organic Whole Milk (1L),DAIRY,49
2026-06-14,store_bakerydelight_02,prod_bread_01,Artisan Whole Wheat Bread,BAKERY,43
2026-06-14,store_bakerydelight_02,prod_croissant_01,Butter Croissants 4-Pack,BAKERY,25
2026-06-14,store_bakerydelight_02,prod_tomatoes_01,Organic Roma Tomatoes (1kg),PRODUCE,45
2026-06-14,store_bakerydelight_02,prod_chicken_01,Fresh Chicken Breast (500g),MEAT,35
2026-06-14,store_bakerydelight_02,prod_yogurt_01,Greek Style Yogurt (500g),DAIRY,25
2026-06-14,store_bakerydelight_02,prod_rice_01,Basmati Rice (1kg),PANTRY,28
2026-06-14,store_bakerydelight_02,prod_apples_01,Royal Gala Apples (1kg),PRODUCE,32
2026-06-15,store_freshmart_01,prod_milk_01,Fresh Organic Whole Milk (1L),DAIRY,40
2026-06-15,store_freshmart_01,prod_bread_01,Artisan Whole Wheat Bread,BAKERY,29
2026-06-15,store_freshmart_01,prod_croissant_01,Butter Croissants 4-Pack,BAKERY,18
2026-06-15,store_freshmart_01,prod_tomatoes_01,Organic Roma Tomatoes (1kg),PRODUCE,29
2026-06-15,store_freshmart_01,prod_chicken_01,Fresh Chicken Breast (500g),MEAT,25
2026-06-15,store_freshmart_01,prod_yogurt_01,Greek Style Yogurt (500g),DAIRY,20
2026-06-15,store_freshmart_01,prod_rice_01,Basmati Rice (1kg),PANTRY,25
2026-06-15,store_freshmart_01,prod_apples_01,Royal Gala Apples (1kg),PRODUCE,24
2026-06-15,store_bakerydelight_02,prod_milk_01,Fresh Organic Whole Milk (1L),DAIRY,35
2026-06-15,store_bakerydelight_02,prod_bread_01,Artisan Whole Wheat Bread,BAKERY,26
2026-06-15,store_bakerydelight_02,prod_croissant_01,Butter Croissants 4-Pack,BAKERY,25
2026-06-15,store_bakerydelight_02,prod_tomatoes_01,Organic Roma Tomatoes (1kg),PRODUCE,30
2026-06-15,store_bakerydelight_02,prod_chicken_01,Fresh Chicken Breast (500g),MEAT,26
2026-06-15,store_bakerydelight_02,prod_yogurt_01,Greek Style Yogurt (500g),DAIRY,23
2026-06-15,store_bakerydelight_02,prod_rice_01,Basmati Rice (1kg),PANTRY,29
2026-06-15,store_bakerydelight_02,prod_apples_01,Royal Gala Apples (1kg),PRODUCE,23
2026-06-16,store_freshmart_01,prod_milk_01,Fresh Organic Whole Milk (1L),DAIRY,37
2026-06-16,store_freshmart_01,prod_bread_01,Artisan Whole Wheat Bread,BAKERY,29
2026-06-16,store_freshmart_01,prod_croissant_01,Butter Croissants 4-Pack,BAKERY,18
2026-06-16,store_freshmart_01,prod_tomatoes_01,Organic Roma Tomatoes (1kg),PRODUCE,32
2026-06-16,store_freshmart_01,prod_chicken_01,Fresh Chicken Breast (500g),MEAT,19
2026-06-16,store_freshmart_01,prod_yogurt_01,Greek Style Yogurt (500g),DAIRY,22
2026-06-16,store_freshmart_01,prod_rice_01,Basmati Rice (1kg),PANTRY,24
2026-06-16,store_freshmart_01,prod_apples_01,Royal Gala Apples (1kg),PRODUCE,25
2026-06-16,store_bakerydelight_02,prod_milk_01,Fresh Organic Whole Milk (1L),DAIRY,37
2026-06-16,store_bakerydelight_02,prod_bread_01,Artisan Whole Wheat Bread,BAKERY,28
2026-06-16,store_bakerydelight_02,prod_croissant_01,Butter Croissants 4-Pack,BAKERY,22
2026-06-16,store_bakerydelight_02,prod_tomatoes_01,Organic Roma Tomatoes (1kg),PRODUCE,29
2026-06-16,store_bakerydelight_02,prod_chicken_01,Fresh Chicken Breast (500g),MEAT,25
2026-06-16,store_bakerydelight_02,prod_yogurt_01,Greek Style Yogurt (500g),DAIRY,14
2026-06-16,store_bakerydelight_02,prod_rice_01,Basmati Rice (1kg),PANTRY,26
2026-06-16,store_bakerydelight_02,prod_apples_01,Royal Gala Apples (1kg),PRODUCE,30
2026-06-17,store_freshmart_01,prod_milk_01,Fresh Organic Whole Milk (1L),DAIRY,33
2026-06-17,store_freshmart_01,prod_bread_01,Artisan Whole Wheat Bread,BAKERY,27
2026-06-17,store_freshmart_01,prod_croissant_01,Butter Croissants 4-Pack,BAKERY,22
2026-06-17,store_freshmart_01,prod_tomatoes_01,Organic Roma Tomatoes (1kg),PRODUCE,31
2026-06-17,store_freshmart_01,prod_chicken_01,Fresh Chicken Breast (500g),MEAT,24
2026-06-17,store_freshmart_01,prod_yogurt_01,Greek Style Yogurt (500g),DAIRY,20
2026-06-17,store_freshmart_01,prod_rice_01,Basmati Rice (1kg),PANTRY,28
2026-06-17,store_freshmart_01,prod_apples_01,Royal Gala Apples (1kg),PRODUCE,28
2026-06-17,store_bakerydelight_02,prod_milk_01,Fresh Organic Whole Milk (1L),DAIRY,37
2026-06-17,store_bakerydelight_02,prod_bread_01,Artisan Whole Wheat Bread,BAKERY,28
2026-06-17,store_bakerydelight_02,prod_croissant_01,Butter Croissants 4-Pack,BAKERY,23
2026-06-17,store_bakerydelight_02,prod_tomatoes_01,Organic Roma Tomatoes (1kg),PRODUCE,36
2026-06-17,store_bakerydelight_02,prod_chicken_01,Fresh Chicken Breast (500g),MEAT,22
2026-06-17,store_bakerydelight_02,prod_yogurt_01,Greek Style Yogurt (500g),DAIRY,16
2026-06-17,store_bakerydelight_02,prod_rice_01,Basmati Rice (1kg),PANTRY,29
2026-06-17,store_bakerydelight_02,prod_apples_01,Royal Gala Apples (1kg),PRODUCE,24
2026-06-18,store_freshmart_01,prod_milk_01,Fresh Organic Whole Milk (1L),DAIRY,29
2026-06-18,store_freshmart_01,prod_bread_01,Artisan Whole Wheat Bread,BAKERY,31
2026-06-18,store_freshmart_01,prod_croissant_01,Butter Croissants 4-Pack,BAKERY,19
2026-06-18,store_freshmart_01,prod_tomatoes_01,Organic Roma Tomatoes (1kg),PRODUCE,30
2026-06-18,store_freshmart_01,prod_chicken_01,Fresh Chicken Breast (500g),MEAT,24
2026-06-18,store_freshmart_01,prod_yogurt_01,Greek Style Yogurt (500g),DAIRY,19
2026-06-18,store_freshmart_01,prod_rice_01,Basmati Rice (1kg),PANTRY,28
2026-06-18,store_freshmart_01,prod_apples_01,Royal Gala Apples (1kg),PRODUCE,23
2026-06-18,store_bakerydelight_02,prod_milk_01,Fresh Organic Whole Milk (1L),DAIRY,37
2026-06-18,store_bakerydelight_02,prod_bread_01,Artisan Whole Wheat Bread,BAKERY,28
2026-06-18,store_bakerydelight_02,prod_croissant_01,Butter Croissants 4-Pack,BAKERY,23
2026-06-18,store_bakerydelight_02,prod_tomatoes_01,Organic Roma Tomatoes (1kg),PRODUCE,33
2026-06-18,store_bakerydelight_02,prod_chicken_01,Fresh Chicken Breast (500g),MEAT,20
2026-06-18,store_bakerydelight_02,prod_yogurt_01,Greek Style Yogurt (500g),DAIRY,22
2026-06-18,store_bakerydelight_02,prod_rice_01,Basmati Rice (1kg),PANTRY,24
2026-06-18,store_bakerydelight_02,prod_apples_01,Royal Gala Apples (1kg),PRODUCE,27
2026-06-19,store_freshmart_01,prod_milk_01,Fresh Organic Whole Milk (1L),DAIRY,37
2026-06-19,store_freshmart_01,prod_bread_01,Artisan Whole Wheat Bread,BAKERY,34
2026-06-19,store_freshmart_01,prod_croissant_01,Butter Croissants 4-Pack,BAKERY,20
2026-06-19,store_freshmart_01,prod_tomatoes_01,Organic Roma Tomatoes (1kg),PRODUCE,30
2026-06-19,store_freshmart_01,prod_chicken_01,Fresh Chicken Breast (500g),MEAT,22
2026-06-19,store_freshmart_01,prod_yogurt_01,Greek Style Yogurt (500g),DAIRY,17
2026-06-19,store_freshmart_01,prod_rice_01,Basmati Rice (1kg),PANTRY,28
2026-06-19,store_freshmart_01,prod_apples_01,Royal Gala Apples (1kg),PRODUCE,20
2026-06-19,store_bakerydelight_02,prod_milk_01,Fresh Organic Whole Milk (1L),DAIRY,33
2026-06-19,store_bakerydelight_02,prod_bread_01,Artisan Whole Wheat Bread,BAKERY,25
2026-06-19,store_bakerydelight_02,prod_croissant_01,Butter Croissants 4-Pack,BAKERY,23
2026-06-19,store_bakerydelight_02,prod_tomatoes_01,Organic Roma Tomatoes (1kg),PRODUCE,36
2026-06-19,store_bakerydelight_02,prod_chicken_01,Fresh Chicken Breast (500g),MEAT,22
2026-06-19,store_bakerydelight_02,prod_yogurt_01,Greek Style Yogurt (500g),DAIRY,18
2026-06-19,store_bakerydelight_02,prod_rice_01,Basmati Rice (1kg),PANTRY,26
2026-06-19,store_bakerydelight_02,prod_apples_01,Royal Gala Apples (1kg),PRODUCE,28
2026-06-20,store_freshmart_01,prod_milk_01,Fresh Organic Whole Milk (1L),DAIRY,45
2026-06-20,store_freshmart_01,prod_bread_01,Artisan Whole Wheat Bread,BAKERY,39
2026-06-20,store_freshmart_01,prod_croissant_01,Butter Croissants 4-Pack,BAKERY,30
2026-06-20,store_freshmart_01,prod_tomatoes_01,Organic Roma Tomatoes (1kg),PRODUCE,43
2026-06-20,store_freshmart_01,prod_chicken_01,Fresh Chicken Breast (500g),MEAT,31
2026-06-20,store_freshmart_01,prod_yogurt_01,Greek Style Yogurt (500g),DAIRY,28
2026-06-20,store_freshmart_01,prod_rice_01,Basmati Rice (1kg),PANTRY,26
2026-06-20,store_freshmart_01,prod_apples_01,Royal Gala Apples (1kg),PRODUCE,35
2026-06-20,store_bakerydelight_02,prod_milk_01,Fresh Organic Whole Milk (1L),DAIRY,46
2026-06-20,store_bakerydelight_02,prod_bread_01,Artisan Whole Wheat Bread,BAKERY,33
2026-06-20,store_bakerydelight_02,prod_croissant_01,Butter Croissants 4-Pack,BAKERY,29
2026-06-20,store_bakerydelight_02,prod_tomatoes_01,Organic Roma Tomatoes (1kg),PRODUCE,45
2026-06-20,store_bakerydelight_02,prod_chicken_01,Fresh Chicken Breast (500g),MEAT,30
2026-06-20,store_bakerydelight_02,prod_yogurt_01,Greek Style Yogurt (500g),DAIRY,28
2026-06-20,store_bakerydelight_02,prod_rice_01,Basmati Rice (1kg),PANTRY,39
2026-06-20,store_bakerydelight_02,prod_apples_01,Royal Gala Apples (1kg),PRODUCE,37
2026-06-21,store_freshmart_01,prod_milk_01,Fresh Organic Whole Milk (1L),DAIRY,53
2026-06-21,store_freshmart_01,prod_bread_01,Artisan Whole Wheat Bread,BAKERY,41
2026-06-21,store_freshmart_01,prod_croissant_01,Butter Croissants 4-Pack,BAKERY,28
2026-06-21,store_freshmart_01,prod_tomatoes_01,Organic Roma Tomatoes (1kg),PRODUCE,36
2026-06-21,store_freshmart_01,prod_chicken_01,Fresh Chicken Breast (500g),MEAT,30
2026-06-21,store_freshmart_01,prod_yogurt_01,Greek Style Yogurt (500g),DAIRY,22
2026-06-21,store_freshmart_01,prod_rice_01,Basmati Rice (1kg),PANTRY,41
2026-06-21,store_freshmart_01,prod_apples_01,Royal Gala Apples (1kg),PRODUCE,32
2026-06-21,store_bakerydelight_02,prod_milk_01,Fresh Organic Whole Milk (1L),DAIRY,48
2026-06-21,store_bakerydelight_02,prod_bread_01,Artisan Whole Wheat Bread,BAKERY,40
2026-06-21,store_bakerydelight_02,prod_croissant_01,Butter Croissants 4-Pack,BAKERY,28
2026-06-21,store_bakerydelight_02,prod_tomatoes_01,Organic Roma Tomatoes (1kg),PRODUCE,46
2026-06-21,store_bakerydelight_02,prod_chicken_01,Fresh Chicken Breast (500g),MEAT,28
2026-06-21,store_bakerydelight_02,prod_yogurt_01,Greek Style Yogurt (500g),DAIRY,25
2026-06-21,store_bakerydelight_02,prod_rice_01,Basmati Rice (1kg),PANTRY,32
2026-06-21,store_bakerydelight_02,prod_apples_01,Royal Gala Apples (1kg),PRODUCE,29
2026-06-22,store_freshmart_01,prod_milk_01,Fresh Organic Whole Milk (1L),DAIRY,34
2026-06-22,store_freshmart_01,prod_bread_01,Artisan Whole Wheat Bread,BAKERY,28
2026-06-22,store_freshmart_01,prod_croissant_01,Butter Croissants 4-Pack,BAKERY,19
2026-06-22,store_freshmart_01,prod_tomatoes_01,Organic Roma Tomatoes (1kg),PRODUCE,28
2026-06-22,store_freshmart_01,prod_chicken_01,Fresh Chicken Breast (500g),MEAT,18
2026-06-22,store_freshmart_01,prod_yogurt_01,Greek Style Yogurt (500g),DAIRY,18
2026-06-22,store_freshmart_01,prod_rice_01,Basmati Rice (1kg),PANTRY,21
2026-06-22,store_freshmart_01,prod_apples_01,Royal Gala Apples (1kg),PRODUCE,27
2026-06-22,store_bakerydelight_02,prod_milk_01,Fresh Organic Whole Milk (1L),DAIRY,36
2026-06-22,store_bakerydelight_02,prod_bread_01,Artisan Whole Wheat Bread,BAKERY,24
2026-06-22,store_bakerydelight_02,prod_croissant_01,Butter Croissants 4-Pack,BAKERY,19
2026-06-22,store_bakerydelight_02,prod_tomatoes_01,Organic Roma Tomatoes (1kg),PRODUCE,28
2026-06-22,store_bakerydelight_02,prod_chicken_01,Fresh Chicken Breast (500g),MEAT,23
2026-06-22,store_bakerydelight_02,prod_yogurt_01,Greek Style Yogurt (500g),DAIRY,22
2026-06-22,store_bakerydelight_02,prod_rice_01,Basmati Rice (1kg),PANTRY,20
2026-06-22,store_bakerydelight_02,prod_apples_01,Royal Gala Apples (1kg),PRODUCE,25
2026-06-23,store_freshmart_01,prod_milk_01,Fresh Organic Whole Milk (1L),DAIRY,35
2026-06-23,store_freshmart_01,prod_bread_01,Artisan Whole Wheat Bread,BAKERY,30
2026-06-23,store_freshmart_01,prod_croissant_01,Butter Croissants 4-Pack,BAKERY,21
2026-06-23,store_freshmart_01,prod_tomatoes_01,Organic Roma Tomatoes (1kg),PRODUCE,28
2026-06-23,store_freshmart_01,prod_chicken_01,Fresh Chicken Breast (500g),MEAT,21
2026-06-23,store_freshmart_01,prod_yogurt_01,Greek Style Yogurt (500g),DAIRY,16
2026-06-23,store_freshmart_01,prod_rice_01,Basmati Rice (1kg),PANTRY,29
2026-06-23,store_freshmart_01,prod_apples_01,Royal Gala Apples (1kg),PRODUCE,24
2026-06-23,store_bakerydelight_02,prod_milk_01,Fresh Organic Whole Milk (1L),DAIRY,41
2026-06-23,store_bakerydelight_02,prod_bread_01,Artisan Whole Wheat Bread,BAKERY,28
2026-06-23,store_bakerydelight_02,prod_croissant_01,Butter Croissants 4-Pack,BAKERY,18
2026-06-23,store_bakerydelight_02,prod_tomatoes_01,Organic Roma Tomatoes (1kg),PRODUCE,26
2026-06-23,store_bakerydelight_02,prod_chicken_01,Fresh Chicken Breast (500g),MEAT,17
2026-06-23,store_bakerydelight_02,prod_yogurt_01,Greek Style Yogurt (500g),DAIRY,14
2026-06-23,store_bakerydelight_02,prod_rice_01,Basmati Rice (1kg),PANTRY,26
2026-06-23,store_bakerydelight_02,prod_apples_01,Royal Gala Apples (1kg),PRODUCE,26
2026-06-24,store_freshmart_01,prod_milk_01,Fresh Organic Whole Milk (1L),DAIRY,31
2026-06-24,store_freshmart_01,prod_bread_01,Artisan Whole Wheat Bread,BAKERY,31
2026-06-24,store_freshmart_01,prod_croissant_01,Butter Croissants 4-Pack,BAKERY,19
2026-06-24,store_freshmart_01,prod_tomatoes_01,Organic Roma Tomatoes (1kg),PRODUCE,31
2026-06-24,store_freshmart_01,prod_chicken_01,Fresh Chicken Breast (500g),MEAT,27
2026-06-24,store_freshmart_01,prod_yogurt_01,Greek Style Yogurt (500g),DAIRY,21
2026-06-24,store_freshmart_01,prod_rice_01,Basmati Rice (1kg),PANTRY,25
2026-06-24,store_freshmart_01,prod_apples_01,Royal Gala Apples (1kg),PRODUCE,22
2026-06-24,store_bakerydelight_02,prod_milk_01,Fresh Organic Whole Milk (1L),DAIRY,29
2026-06-24,store_bakerydelight_02,prod_bread_01,Artisan Whole Wheat Bread,BAKERY,26
2026-06-24,store_bakerydelight_02,prod_croissant_01,Butter Croissants 4-Pack,BAKERY,20
2026-06-24,store_bakerydelight_02,prod_tomatoes_01,Organic Roma Tomatoes (1kg),PRODUCE,27
2026-06-24,store_bakerydelight_02,prod_chicken_01,Fresh Chicken Breast (500g),MEAT,22
2026-06-24,store_bakerydelight_02,prod_yogurt_01,Greek Style Yogurt (500g),DAIRY,18
2026-06-24,store_bakerydelight_02,prod_rice_01,Basmati Rice (1kg),PANTRY,25
2026-06-24,store_bakerydelight_02,prod_apples_01,Royal Gala Apples (1kg),PRODUCE,22
2026-06-25,store_freshmart_01,prod_milk_01,Fresh Organic Whole Milk (1L),DAIRY,36
2026-06-25,store_freshmart_01,prod_bread_01,Artisan Whole Wheat Bread,BAKERY,30
2026-06-25,store_freshmart_01,prod_croissant_01,Butter Croissants 4-Pack,BAKERY,17
2026-06-25,store_freshmart_01,prod_tomatoes_01,Organic Roma Tomatoes (1kg),PRODUCE,35
2026-06-25,store_freshmart_01,prod_chicken_01,Fresh Chicken Breast (500g),MEAT,22
2026-06-25,store_freshmart_01,prod_yogurt_01,Greek Style Yogurt (500g),DAIRY,18
2026-06-25,store_freshmart_01,prod_rice_01,Basmati Rice (1kg),PANTRY,27
2026-06-25,store_freshmart_01,prod_apples_01,Royal Gala Apples (1kg),PRODUCE,25
2026-06-25,store_bakerydelight_02,prod_milk_01,Fresh Organic Whole Milk (1L),DAIRY,38
2026-06-25,store_bakerydelight_02,prod_bread_01,Artisan Whole Wheat Bread,BAKERY,29
2026-06-25,store_bakerydelight_02,prod_croissant_01,Butter Croissants 4-Pack,BAKERY,18
2026-06-25,store_bakerydelight_02,prod_tomatoes_01,Organic Roma Tomatoes (1kg),PRODUCE,31
2026-06-25,store_bakerydelight_02,prod_chicken_01,Fresh Chicken Breast (500g),MEAT,19
2026-06-25,store_bakerydelight_02,prod_yogurt_01,Greek Style Yogurt (500g),DAIRY,19
2026-06-25,store_bakerydelight_02,prod_rice_01,Basmati Rice (1kg),PANTRY,25
2026-06-25,store_bakerydelight_02,prod_apples_01,Royal Gala Apples (1kg),PRODUCE,24
2026-06-26,store_freshmart_01,prod_milk_01,Fresh Organic Whole Milk (1L),DAIRY,35
2026-06-26,store_freshmart_01,prod_bread_01,Artisan Whole Wheat Bread,BAKERY,23
2026-06-26,store_freshmart_01,prod_croissant_01,Butter Croissants 4-Pack,BAKERY,19
2026-06-26,store_freshmart_01,prod_tomatoes_01,Organic Roma Tomatoes (1kg),PRODUCE,31
2026-06-26,store_freshmart_01,prod_chicken_01,Fresh Chicken Breast (500g),MEAT,23
2026-06-26,store_freshmart_01,prod_yogurt_01,Greek Style Yogurt (500g),DAIRY,15
2026-06-26,store_freshmart_01,prod_rice_01,Basmati Rice (1kg),PANTRY,29
2026-06-26,store_freshmart_01,prod_apples_01,Royal Gala Apples (1kg),PRODUCE,22
2026-06-26,store_bakerydelight_02,prod_milk_01,Fresh Organic Whole Milk (1L),DAIRY,38
2026-06-26,store_bakerydelight_02,prod_bread_01,Artisan Whole Wheat Bread,BAKERY,30
2026-06-26,store_bakerydelight_02,prod_croissant_01,Butter Croissants 4-Pack,BAKERY,18
2026-06-26,store_bakerydelight_02,prod_tomatoes_01,Organic Roma Tomatoes (1kg),PRODUCE,36
2026-06-26,store_bakerydelight_02,prod_chicken_01,Fresh Chicken Breast (500g),MEAT,19
2026-06-26,store_bakerydelight_02,prod_yogurt_01,Greek Style Yogurt (500g),DAIRY,21
2026-06-26,store_bakerydelight_02,prod_rice_01,Basmati Rice (1kg),PANTRY,28
2026-06-26,store_bakerydelight_02,prod_apples_01,Royal Gala Apples (1kg),PRODUCE,22
2026-06-27,store_freshmart_01,prod_milk_01,Fresh Organic Whole Milk (1L),DAIRY,52
2026-06-27,store_freshmart_01,prod_bread_01,Artisan Whole Wheat Bread,BAKERY,37
2026-06-27,store_freshmart_01,prod_croissant_01,Butter Croissants 4-Pack,BAKERY,28
2026-06-27,store_freshmart_01,prod_tomatoes_01,Organic Roma Tomatoes (1kg),PRODUCE,42
2026-06-27,store_freshmart_01,prod_chicken_01,Fresh Chicken Breast (500g),MEAT,30
2026-06-27,store_freshmart_01,prod_yogurt_01,Greek Style Yogurt (500g),DAIRY,27
2026-06-27,store_freshmart_01,prod_rice_01,Basmati Rice (1kg),PANTRY,36
2026-06-27,store_freshmart_01,prod_apples_01,Royal Gala Apples (1kg),PRODUCE,27
2026-06-27,store_bakerydelight_02,prod_milk_01,Fresh Organic Whole Milk (1L),DAIRY,52
2026-06-27,store_bakerydelight_02,prod_bread_01,Artisan Whole Wheat Bread,BAKERY,33
2026-06-27,store_bakerydelight_02,prod_croissant_01,Butter Croissants 4-Pack,BAKERY,30
2026-06-27,store_bakerydelight_02,prod_tomatoes_01,Organic Roma Tomatoes (1kg),PRODUCE,44
2026-06-27,store_bakerydelight_02,prod_chicken_01,Fresh Chicken Breast (500g),MEAT,27
2026-06-27,store_bakerydelight_02,prod_yogurt_01,Greek Style Yogurt (500g),DAIRY,23
2026-06-27,store_bakerydelight_02,prod_rice_01,Basmati Rice (1kg),PANTRY,31
2026-06-27,store_bakerydelight_02,prod_apples_01,Royal Gala Apples (1kg),PRODUCE,32
2026-06-28,store_freshmart_01,prod_milk_01,Fresh Organic Whole Milk (1L),DAIRY,47
2026-06-28,store_freshmart_01,prod_bread_01,Artisan Whole Wheat Bread,BAKERY,40
2026-06-28,store_freshmart_01,prod_croissant_01,Butter Croissants 4-Pack,BAKERY,31
2026-06-28,store_freshmart_01,prod_tomatoes_01,Organic Roma Tomatoes (1kg),PRODUCE,45
2026-06-28,store_freshmart_01,prod_chicken_01,Fresh Chicken Breast (500g),MEAT,28
2026-06-28,store_freshmart_01,prod_yogurt_01,Greek Style Yogurt (500g),DAIRY,24
2026-06-28,store_freshmart_01,prod_rice_01,Basmati Rice (1kg),PANTRY,29
2026-06-28,store_freshmart_01,prod_apples_01,Royal Gala Apples (1kg),PRODUCE,30
2026-06-28,store_bakerydelight_02,prod_milk_01,Fresh Organic Whole Milk (1L),DAIRY,50
2026-06-28,store_bakerydelight_02,prod_bread_01,Artisan Whole Wheat Bread,BAKERY,43
2026-06-28,store_bakerydelight_02,prod_croissant_01,Butter Croissants 4-Pack,BAKERY,23
2026-06-28,store_bakerydelight_02,prod_tomatoes_01,Organic Roma Tomatoes (1kg),PRODUCE,39
2026-06-28,store_bakerydelight_02,prod_chicken_01,Fresh Chicken Breast (500g),MEAT,30
2026-06-28,store_bakerydelight_02,prod_yogurt_01,Greek Style Yogurt (500g),DAIRY,25
2026-06-28,store_bakerydelight_02,prod_rice_01,Basmati Rice (1kg),PANTRY,32
2026-06-28,store_bakerydelight_02,prod_apples_01,Royal Gala Apples (1kg),PRODUCE,34
2026-06-29,store_freshmart_01,prod_milk_01,Fresh Organic Whole Milk (1L),DAIRY,34
2026-06-29,store_freshmart_01,prod_bread_01,Artisan Whole Wheat Bread,BAKERY,28
2026-06-29,store_freshmart_01,prod_croissant_01,Butter Croissants 4-Pack,BAKERY,22
2026-06-29,store_freshmart_01,prod_tomatoes_01,Organic Roma Tomatoes (1kg),PRODUCE,30
2026-06-29,store_freshmart_01,prod_chicken_01,Fresh Chicken Breast (500g),MEAT,21
2026-06-29,store_freshmart_01,prod_yogurt_01,Greek Style Yogurt (500g),DAIRY,18
2026-06-29,store_freshmart_01,prod_rice_01,Basmati Rice (1kg),PANTRY,25
2026-06-29,store_freshmart_01,prod_apples_01,Royal Gala Apples (1kg),PRODUCE,23
2026-06-29,store_bakerydelight_02,prod_milk_01,Fresh Organic Whole Milk (1L),DAIRY,34
2026-06-29,store_bakerydelight_02,prod_bread_01,Artisan Whole Wheat Bread,BAKERY,33
2026-06-29,store_bakerydelight_02,prod_croissant_01,Butter Croissants 4-Pack,BAKERY,22
2026-06-29,store_bakerydelight_02,prod_tomatoes_01,Organic Roma Tomatoes (1kg),PRODUCE,29
2026-06-29,store_bakerydelight_02,prod_chicken_01,Fresh Chicken Breast (500g),MEAT,24
2026-06-29,store_bakerydelight_02,prod_yogurt_01,Greek Style Yogurt (500g),DAIRY,17
2026-06-29,store_bakerydelight_02,prod_rice_01,Basmati Rice (1kg),PANTRY,29
2026-06-29,store_bakerydelight_02,prod_apples_01,Royal Gala Apples (1kg),PRODUCE,25
2026-06-30,store_freshmart_01,prod_milk_01,Fresh Organic Whole Milk (1L),DAIRY,35
2026-06-30,store_freshmart_01,prod_bread_01,Artisan Whole Wheat Bread,BAKERY,29
2026-06-30,store_freshmart_01,prod_croissant_01,Butter Croissants 4-Pack,BAKERY,15
2026-06-30,store_freshmart_01,prod_tomatoes_01,Organic Roma Tomatoes (1kg),PRODUCE,27
2026-06-30,store_freshmart_01,prod_chicken_01,Fresh Chicken Breast (500g),MEAT,18
2026-06-30,store_freshmart_01,prod_yogurt_01,Greek Style Yogurt (500g),DAIRY,18
2026-06-30,store_freshmart_01,prod_rice_01,Basmati Rice (1kg),PANTRY,30
2026-06-30,store_freshmart_01,prod_apples_01,Royal Gala Apples (1kg),PRODUCE,31
2026-06-30,store_bakerydelight_02,prod_milk_01,Fresh Organic Whole Milk (1L),DAIRY,37
2026-06-30,store_bakerydelight_02,prod_bread_01,Artisan Whole Wheat Bread,BAKERY,30
2026-06-30,store_bakerydelight_02,prod_croissant_01,Butter Croissants 4-Pack,BAKERY,15
2026-06-30,store_bakerydelight_02,prod_tomatoes_01,Organic Roma Tomatoes (1kg),PRODUCE,28
2026-06-30,store_bakerydelight_02,prod_chicken_01,Fresh Chicken Breast (500g),MEAT,20
2026-06-30,store_bakerydelight_02,prod_yogurt_01,Greek Style Yogurt (500g),DAIRY,16
2026-06-30,store_bakerydelight_02,prod_rice_01,Basmati Rice (1kg),PANTRY,25
2026-06-30,store_bakerydelight_02,prod_apples_01,Royal Gala Apples (1kg),PRODUCE,23
2026-07-01,store_freshmart_01,prod_milk_01,Fresh Organic Whole Milk (1L),DAIRY,29
2026-07-01,store_freshmart_01,prod_bread_01,Artisan Whole Wheat Bread,BAKERY,30
2026-07-01,store_freshmart_01,prod_croissant_01,Butter Croissants 4-Pack,BAKERY,17
2026-07-01,store_freshmart_01,prod_tomatoes_01,Organic Roma Tomatoes (1kg),PRODUCE,31
2026-07-01,store_freshmart_01,prod_chicken_01,Fresh Chicken Breast (500g),MEAT,28
2026-07-01,store_freshmart_01,prod_yogurt_01,Greek Style Yogurt (500g),DAIRY,15
2026-07-01,store_freshmart_01,prod_rice_01,Basmati Rice (1kg),PANTRY,17
2026-07-01,store_freshmart_01,prod_apples_01,Royal Gala Apples (1kg),PRODUCE,23
2026-07-01,store_bakerydelight_02,prod_milk_01,Fresh Organic Whole Milk (1L),DAIRY,38
2026-07-01,store_bakerydelight_02,prod_bread_01,Artisan Whole Wheat Bread,BAKERY,34
2026-07-01,store_bakerydelight_02,prod_croissant_01,Butter Croissants 4-Pack,BAKERY,16
2026-07-01,store_bakerydelight_02,prod_tomatoes_01,Organic Roma Tomatoes (1kg),PRODUCE,32
2026-07-01,store_bakerydelight_02,prod_chicken_01,Fresh Chicken Breast (500g),MEAT,21
2026-07-01,store_bakerydelight_02,prod_yogurt_01,Greek Style Yogurt (500g),DAIRY,18
2026-07-01,store_bakerydelight_02,prod_rice_01,Basmati Rice (1kg),PANTRY,33
2026-07-01,store_bakerydelight_02,prod_apples_01,Royal Gala Apples (1kg),PRODUCE,20
2026-07-02,store_freshmart_01,prod_milk_01,Fresh Organic Whole Milk (1L),DAIRY,36
2026-07-02,store_freshmart_01,prod_bread_01,Artisan Whole Wheat Bread,BAKERY,29
2026-07-02,store_freshmart_01,prod_croissant_01,Butter Croissants 4-Pack,BAKERY,23
2026-07-02,store_freshmart_01,prod_tomatoes_01,Organic Roma Tomatoes (1kg),PRODUCE,30
2026-07-02,store_freshmart_01,prod_chicken_01,Fresh Chicken Breast (500g),MEAT,23
2026-07-02,store_freshmart_01,prod_yogurt_01,Greek Style Yogurt (500g),DAIRY,17
2026-07-02,store_freshmart_01,prod_rice_01,Basmati Rice (1kg),PANTRY,26
2026-07-02,store_freshmart_01,prod_apples_01,Royal Gala Apples (1kg),PRODUCE,23
2026-07-02,store_bakerydelight_02,prod_milk_01,Fresh Organic Whole Milk (1L),DAIRY,37
2026-07-02,store_bakerydelight_02,prod_bread_01,Artisan Whole Wheat Bread,BAKERY,27
2026-07-02,store_bakerydelight_02,prod_croissant_01,Butter Croissants 4-Pack,BAKERY,21
2026-07-02,store_bakerydelight_02,prod_tomatoes_01,Organic Roma Tomatoes (1kg),PRODUCE,30
2026-07-02,store_bakerydelight_02,prod_chicken_01,Fresh Chicken Breast (500g),MEAT,25
2026-07-02,store_bakerydelight_02,prod_yogurt_01,Greek Style Yogurt (500g),DAIRY,18
2026-07-02,store_bakerydelight_02,prod_rice_01,Basmati Rice (1kg),PANTRY,20
2026-07-02,store_bakerydelight_02,prod_apples_01,Royal Gala Apples (1kg),PRODUCE,28
2026-07-03,store_freshmart_01,prod_milk_01,Fresh Organic Whole Milk (1L),DAIRY,32
2026-07-03,store_freshmart_01,prod_bread_01,Artisan Whole Wheat Bread,BAKERY,26
2026-07-03,store_freshmart_01,prod_croissant_01,Butter Croissants 4-Pack,BAKERY,18
2026-07-03,store_freshmart_01,prod_tomatoes_01,Organic Roma Tomatoes (1kg),PRODUCE,34
2026-07-03,store_freshmart_01,prod_chicken_01,Fresh Chicken Breast (500g),MEAT,16
2026-07-03,store_freshmart_01,prod_yogurt_01,Greek Style Yogurt (500g),DAIRY,27
2026-07-03,store_freshmart_01,prod_rice_01,Basmati Rice (1kg),PANTRY,28
2026-07-03,store_freshmart_01,prod_apples_01,Royal Gala Apples (1kg),PRODUCE,25
2026-07-03,store_bakerydelight_02,prod_milk_01,Fresh Organic Whole Milk (1L),DAIRY,35
2026-07-03,store_bakerydelight_02,prod_bread_01,Artisan Whole Wheat Bread,BAKERY,29
2026-07-03,store_bakerydelight_02,prod_croissant_01,Butter Croissants 4-Pack,BAKERY,22
2026-07-03,store_bakerydelight_02,prod_tomatoes_01,Organic Roma Tomatoes (1kg),PRODUCE,32
2026-07-03,store_bakerydelight_02,prod_chicken_01,Fresh Chicken Breast (500g),MEAT,24
2026-07-03,store_bakerydelight_02,prod_yogurt_01,Greek Style Yogurt (500g),DAIRY,18
2026-07-03,store_bakerydelight_02,prod_rice_01,Basmati Rice (1kg),PANTRY,24
2026-07-03,store_bakerydelight_02,prod_apples_01,Royal Gala Apples (1kg),PRODUCE,23
2026-07-04,store_freshmart_01,prod_milk_01,Fresh Organic Whole Milk (1L),DAIRY,46
2026-07-04,store_freshmart_01,prod_bread_01,Artisan Whole Wheat Bread,BAKERY,41
2026-07-04,store_freshmart_01,prod_croissant_01,Butter Croissants 4-Pack,BAKERY,29
2026-07-04,store_freshmart_01,prod_tomatoes_01,Organic Roma Tomatoes (1kg),PRODUCE,32
2026-07-04,store_freshmart_01,prod_chicken_01,Fresh Chicken Breast (500g),MEAT,32
2026-07-04,store_freshmart_01,prod_yogurt_01,Greek Style Yogurt (500g),DAIRY,25
2026-07-04,store_freshmart_01,prod_rice_01,Basmati Rice (1kg),PANTRY,34
2026-07-04,store_freshmart_01,prod_apples_01,Royal Gala Apples (1kg),PRODUCE,31
2026-07-04,store_bakerydelight_02,prod_milk_01,Fresh Organic Whole Milk (1L),DAIRY,50
2026-07-04,store_bakerydelight_02,prod_bread_01,Artisan Whole Wheat Bread,BAKERY,40
2026-07-04,store_bakerydelight_02,prod_croissant_01,Butter Croissants 4-Pack,BAKERY,25
2026-07-04,store_bakerydelight_02,prod_tomatoes_01,Organic Roma Tomatoes (1kg),PRODUCE,42
2026-07-04,store_bakerydelight_02,prod_chicken_01,Fresh Chicken Breast (500g),MEAT,27
2026-07-04,store_bakerydelight_02,prod_yogurt_01,Greek Style Yogurt (500g),DAIRY,20
2026-07-04,store_bakerydelight_02,prod_rice_01,Basmati Rice (1kg),PANTRY,32
2026-07-04,store_bakerydelight_02,prod_apples_01,Royal Gala Apples (1kg),PRODUCE,35
2026-07-05,store_freshmart_01,prod_milk_01,Fresh Organic Whole Milk (1L),DAIRY,50
2026-07-05,store_freshmart_01,prod_bread_01,Artisan Whole Wheat Bread,BAKERY,39
2026-07-05,store_freshmart_01,prod_croissant_01,Butter Croissants 4-Pack,BAKERY,29
2026-07-05,store_freshmart_01,prod_tomatoes_01,Organic Roma Tomatoes (1kg),PRODUCE,42
2026-07-05,store_freshmart_01,prod_chicken_01,Fresh Chicken Breast (500g),MEAT,28
2026-07-05,store_freshmart_01,prod_yogurt_01,Greek Style Yogurt (500g),DAIRY,25
2026-07-05,store_freshmart_01,prod_rice_01,Basmati Rice (1kg),PANTRY,36
2026-07-05,store_freshmart_01,prod_apples_01,Royal Gala Apples (1kg),PRODUCE,34
2026-07-05,store_bakerydelight_02,prod_milk_01,Fresh Organic Whole Milk (1L),DAIRY,51
2026-07-05,store_bakerydelight_02,prod_bread_01,Artisan Whole Wheat Bread,BAKERY,40
2026-07-05,store_bakerydelight_02,prod_croissant_01,Butter Croissants 4-Pack,BAKERY,28
2026-07-05,store_bakerydelight_02,prod_tomatoes_01,Organic Roma Tomatoes (1kg),PRODUCE,43
2026-07-05,store_bakerydelight_02,prod_chicken_01,Fresh Chicken Breast (500g),MEAT,29
2026-07-05,store_bakerydelight_02,prod_yogurt_01,Greek Style Yogurt (500g),DAIRY,22
2026-07-05,store_bakerydelight_02,prod_rice_01,Basmati Rice (1kg),PANTRY,33
2026-07-05,store_bakerydelight_02,prod_apples_01,Royal Gala Apples (1kg),PRODUCE,30
2026-07-06,store_freshmart_01,prod_milk_01,Fresh Organic Whole Milk (1L),DAIRY,33
2026-07-06,store_freshmart_01,prod_bread_01,Artisan Whole Wheat Bread,BAKERY,27
2026-07-06,store_freshmart_01,prod_croissant_01,Butter Croissants 4-Pack,BAKERY,17
2026-07-06,store_freshmart_01,prod_tomatoes_01,Organic Roma Tomatoes (1kg),PRODUCE,29
2026-07-06,store_freshmart_01,prod_chicken_01,Fresh Chicken Breast (500g),MEAT,16
2026-07-06,store_freshmart_01,prod_yogurt_01,Greek Style Yogurt (500g),DAIRY,19
2026-07-06,store_freshmart_01,prod_rice_01,Basmati Rice (1kg),PANTRY,25
2026-07-06,store_freshmart_01,prod_apples_01,Royal Gala Apples (1kg),PRODUCE,21
2026-07-06,store_bakerydelight_02,prod_milk_01,Fresh Organic Whole Milk (1L),DAIRY,37
2026-07-06,store_bakerydelight_02,prod_bread_01,Artisan Whole Wheat Bread,BAKERY,31
2026-07-06,store_bakerydelight_02,prod_croissant_01,Butter Croissants 4-Pack,BAKERY,15
2026-07-06,store_bakerydelight_02,prod_tomatoes_01,Organic Roma Tomatoes (1kg),PRODUCE,27
2026-07-06,store_bakerydelight_02,prod_chicken_01,Fresh Chicken Breast (500g),MEAT,20
2026-07-06,store_bakerydelight_02,prod_yogurt_01,Greek Style Yogurt (500g),DAIRY,15
2026-07-06,store_bakerydelight_02,prod_rice_01,Basmati Rice (1kg),PANTRY,27
2026-07-06,store_bakerydelight_02,prod_apples_01,Royal Gala Apples (1kg),PRODUCE,23
2026-07-07,store_freshmart_01,prod_milk_01,Fresh Organic Whole Milk (1L),DAIRY,34
2026-07-07,store_freshmart_01,prod_bread_01,Artisan Whole Wheat Bread,BAKERY,22
2026-07-07,store_freshmart_01,prod_croissant_01,Butter Croissants 4-Pack,BAKERY,22
2026-07-07,store_freshmart_01,prod_tomatoes_01,Organic Roma Tomatoes (1kg),PRODUCE,26
2026-07-07,store_freshmart_01,prod_chicken_01,Fresh Chicken Breast (500g),MEAT,22
2026-07-07,store_freshmart_01,prod_yogurt_01,Greek Style Yogurt (500g),DAIRY,19
2026-07-07,store_freshmart_01,prod_rice_01,Basmati Rice (1kg),PANTRY,29
2026-07-07,store_freshmart_01,prod_apples_01,Royal Gala Apples (1kg),PRODUCE,20
2026-07-07,store_bakerydelight_02,prod_milk_01,Fresh Organic Whole Milk (1L),DAIRY,26
2026-07-07,store_bakerydelight_02,prod_bread_01,Artisan Whole Wheat Bread,BAKERY,28
2026-07-07,store_bakerydelight_02,prod_croissant_01,Butter Croissants 4-Pack,BAKERY,25
2026-07-07,store_bakerydelight_02,prod_tomatoes_01,Organic Roma Tomatoes (1kg),PRODUCE,33
2026-07-07,store_bakerydelight_02,prod_chicken_01,Fresh Chicken Breast (500g),MEAT,22
2026-07-07,store_bakerydelight_02,prod_yogurt_01,Greek Style Yogurt (500g),DAIRY,16
2026-07-07,store_bakerydelight_02,prod_rice_01,Basmati Rice (1kg),PANTRY,27
2026-07-07,store_bakerydelight_02,prod_apples_01,Royal Gala Apples (1kg),PRODUCE,21
2026-07-08,store_freshmart_01,prod_milk_01,Fresh Organic Whole Milk (1L),DAIRY,36
2026-07-08,store_freshmart_01,prod_bread_01,Artisan Whole Wheat Bread,BAKERY,29
2026-07-08,store_freshmart_01,prod_croissant_01,Butter Croissants 4-Pack,BAKERY,23
2026-07-08,store_freshmart_01,prod_tomatoes_01,Organic Roma Tomatoes (1kg),PRODUCE,38
2026-07-08,store_freshmart_01,prod_chicken_01,Fresh Chicken Breast (500g),MEAT,23
2026-07-08,store_freshmart_01,prod_yogurt_01,Greek Style Yogurt (500g),DAIRY,16
2026-07-08,store_freshmart_01,prod_rice_01,Basmati Rice (1kg),PANTRY,25
2026-07-08,store_freshmart_01,prod_apples_01,Royal Gala Apples (1kg),PRODUCE,18
2026-07-08,store_bakerydelight_02,prod_milk_01,Fresh Organic Whole Milk (1L),DAIRY,33
2026-07-08,store_bakerydelight_02,prod_bread_01,Artisan Whole Wheat Bread,BAKERY,26
2026-07-08,store_bakerydelight_02,prod_croissant_01,Butter Croissants 4-Pack,BAKERY,18
2026-07-08,store_bakerydelight_02,prod_tomatoes_01,Organic Roma Tomatoes (1kg),PRODUCE,30
2026-07-08,store_bakerydelight_02,prod_chicken_01,Fresh Chicken Breast (500g),MEAT,19
2026-07-08,store_bakerydelight_02,prod_yogurt_01,Greek Style Yogurt (500g),DAIRY,21
2026-07-08,store_bakerydelight_02,prod_rice_01,Basmati Rice (1kg),PANTRY,25
2026-07-08,store_bakerydelight_02,prod_apples_01,Royal Gala Apples (1kg),PRODUCE,24
2026-07-09,store_freshmart_01,prod_milk_01,Fresh Organic Whole Milk (1L),DAIRY,34
2026-07-09,store_freshmart_01,prod_bread_01,Artisan Whole Wheat Bread,BAKERY,28
2026-07-09,store_freshmart_01,prod_croissant_01,Butter Croissants 4-Pack,BAKERY,22
2026-07-09,store_freshmart_01,prod_tomatoes_01,Organic Roma Tomatoes (1kg),PRODUCE,27
2026-07-09,store_freshmart_01,prod_chicken_01,Fresh Chicken Breast (500g),MEAT,20
2026-07-09,store_freshmart_01,prod_yogurt_01,Greek Style Yogurt (500g),DAIRY,17
2026-07-09,store_freshmart_01,prod_rice_01,Basmati Rice (1kg),PANTRY,21
2026-07-09,store_freshmart_01,prod_apples_01,Royal Gala Apples (1kg),PRODUCE,21
2026-07-09,store_bakerydelight_02,prod_milk_01,Fresh Organic Whole Milk (1L),DAIRY,33
2026-07-09,store_bakerydelight_02,prod_bread_01,Artisan Whole Wheat Bread,BAKERY,30
2026-07-09,store_bakerydelight_02,prod_croissant_01,Butter Croissants 4-Pack,BAKERY,21
2026-07-09,store_bakerydelight_02,prod_tomatoes_01,Organic Roma Tomatoes (1kg),PRODUCE,30
2026-07-09,store_bakerydelight_02,prod_chicken_01,Fresh Chicken Breast (500g),MEAT,24
2026-07-09,store_bakerydelight_02,prod_yogurt_01,Greek Style Yogurt (500g),DAIRY,17
2026-07-09,store_bakerydelight_02,prod_rice_01,Basmati Rice (1kg),PANTRY,26
2026-07-09,store_bakerydelight_02,prod_apples_01,Royal Gala Apples (1kg),PRODUCE,23
2026-07-10,store_freshmart_01,prod_milk_01,Fresh Organic Whole Milk (1L),DAIRY,35
2026-07-10,store_freshmart_01,prod_bread_01,Artisan Whole Wheat Bread,BAKERY,26
2026-07-10,store_freshmart_01,prod_croissant_01,Butter Croissants 4-Pack,BAKERY,12
2026-07-10,store_freshmart_01,prod_tomatoes_01,Organic Roma Tomatoes (1kg),PRODUCE,29
2026-07-10,store_freshmart_01,prod_chicken_01,Fresh Chicken Breast (500g),MEAT,26
2026-07-10,store_freshmart_01,prod_yogurt_01,Greek Style Yogurt (500g),DAIRY,21
2026-07-10,store_freshmart_01,prod_rice_01,Basmati Rice (1kg),PANTRY,28
2026-07-10,store_freshmart_01,prod_apples_01,Royal Gala Apples (1kg),PRODUCE,27
2026-07-10,store_bakerydelight_02,prod_milk_01,Fresh Organic Whole Milk (1L),DAIRY,35
2026-07-10,store_bakerydelight_02,prod_bread_01,Artisan Whole Wheat Bread,BAKERY,28
2026-07-10,store_bakerydelight_02,prod_croissant_01,Butter Croissants 4-Pack,BAKERY,18
2026-07-10,store_bakerydelight_02,prod_tomatoes_01,Organic Roma Tomatoes (1kg),PRODUCE,29
2026-07-10,store_bakerydelight_02,prod_chicken_01,Fresh Chicken Breast (500g),MEAT,24
2026-07-10,store_bakerydelight_02,prod_yogurt_01,Greek Style Yogurt (500g),DAIRY,21
2026-07-10,store_bakerydelight_02,prod_rice_01,Basmati Rice (1kg),PANTRY,24
2026-07-10,store_bakerydelight_02,prod_apples_01,Royal Gala Apples (1kg),PRODUCE,22
2026-07-11,store_freshmart_01,prod_milk_01,Fresh Organic Whole Milk (1L),DAIRY,46
2026-07-11,store_freshmart_01,prod_bread_01,Artisan Whole Wheat Bread,BAKERY,39
2026-07-11,store_freshmart_01,prod_croissant_01,Butter Croissants 4-Pack,BAKERY,22
2026-07-11,store_freshmart_01,prod_tomatoes_01,Organic Roma Tomatoes (1kg),PRODUCE,33
2026-07-11,store_freshmart_01,prod_chicken_01,Fresh Chicken Breast (500g),MEAT,28
2026-07-11,store_freshmart_01,prod_yogurt_01,Greek Style Yogurt (500g),DAIRY,20
2026-07-11,store_freshmart_01,prod_rice_01,Basmati Rice (1kg),PANTRY,32
2026-07-11,store_freshmart_01,prod_apples_01,Royal Gala Apples (1kg),PRODUCE,31
2026-07-11,store_bakerydelight_02,prod_milk_01,Fresh Organic Whole Milk (1L),DAIRY,45
2026-07-11,store_bakerydelight_02,prod_bread_01,Artisan Whole Wheat Bread,BAKERY,42
2026-07-11,store_bakerydelight_02,prod_croissant_01,Butter Croissants 4-Pack,BAKERY,28
2026-07-11,store_bakerydelight_02,prod_tomatoes_01,Organic Roma Tomatoes (1kg),PRODUCE,41
2026-07-11,store_bakerydelight_02,prod_chicken_01,Fresh Chicken Breast (500g),MEAT,31
2026-07-11,store_bakerydelight_02,prod_yogurt_01,Greek Style Yogurt (500g),DAIRY,20
2026-07-11,store_bakerydelight_02,prod_rice_01,Basmati Rice (1kg),PANTRY,36
2026-07-11,store_bakerydelight_02,prod_apples_01,Royal Gala Apples (1kg),PRODUCE,32
2026-07-12,store_freshmart_01,prod_milk_01,Fresh Organic Whole Milk (1L),DAIRY,48
2026-07-12,store_freshmart_01,prod_bread_01,Artisan Whole Wheat Bread,BAKERY,34
2026-07-12,store_freshmart_01,prod_croissant_01,Butter Croissants 4-Pack,BAKERY,22
2026-07-12,store_freshmart_01,prod_tomatoes_01,Organic Roma Tomatoes (1kg),PRODUCE,42
2026-07-12,store_freshmart_01,prod_chicken_01,Fresh Chicken Breast (500g),MEAT,30
2026-07-12,store_freshmart_01,prod_yogurt_01,Greek Style Yogurt (500g),DAIRY,21
2026-07-12,store_freshmart_01,prod_rice_01,Basmati Rice (1kg),PANTRY,31
2026-07-12,store_freshmart_01,prod_apples_01,Royal Gala Apples (1kg),PRODUCE,35
2026-07-12,store_bakerydelight_02,prod_milk_01,Fresh Organic Whole Milk (1L),DAIRY,43
2026-07-12,store_bakerydelight_02,prod_bread_01,Artisan Whole Wheat Bread,BAKERY,42
2026-07-12,store_bakerydelight_02,prod_croissant_01,Butter Croissants 4-Pack,BAKERY,24
2026-07-12,store_bakerydelight_02,prod_tomatoes_01,Organic Roma Tomatoes (1kg),PRODUCE,42
2026-07-12,store_bakerydelight_02,prod_chicken_01,Fresh Chicken Breast (500g),MEAT,28
2026-07-12,store_bakerydelight_02,prod_yogurt_01,Greek Style Yogurt (500g),DAIRY,26
2026-07-12,store_bakerydelight_02,prod_rice_01,Basmati Rice (1kg),PANTRY,32
2026-07-12,store_bakerydelight_02,prod_apples_01,Royal Gala Apples (1kg),PRODUCE,31
2026-07-13,store_freshmart_01,prod_milk_01,Fresh Organic Whole Milk (1L),DAIRY,34
2026-07-13,store_freshmart_01,prod_bread_01,Artisan Whole Wheat Bread,BAKERY,24
2026-07-13,store_freshmart_01,prod_croissant_01,Butter Croissants 4-Pack,BAKERY,22
2026-07-13,store_freshmart_01,prod_tomatoes_01,Organic Roma Tomatoes (1kg),PRODUCE,28
2026-07-13,store_freshmart_01,prod_chicken_01,Fresh Chicken Breast (500g),MEAT,21
2026-07-13,store_freshmart_01,prod_yogurt_01,Greek Style Yogurt (500g),DAIRY,15
2026-07-13,store_freshmart_01,prod_rice_01,Basmati Rice (1kg),PANTRY,17
2026-07-13,store_freshmart_01,prod_apples_01,Royal Gala Apples (1kg),PRODUCE,23
2026-07-13,store_bakerydelight_02,prod_milk_01,Fresh Organic Whole Milk (1L),DAIRY,42
2026-07-13,store_bakerydelight_02,prod_bread_01,Artisan Whole Wheat Bread,BAKERY,30
2026-07-13,store_bakerydelight_02,prod_croissant_01,Butter Croissants 4-Pack,BAKERY,20
2026-07-13,store_bakerydelight_02,prod_tomatoes_01,Organic Roma Tomatoes (1kg),PRODUCE,29
2026-07-13,store_bakerydelight_02,prod_chicken_01,Fresh Chicken Breast (500g),MEAT,22
2026-07-13,store_bakerydelight_02,prod_yogurt_01,Greek Style Yogurt (500g),DAIRY,19
2026-07-13,store_bakerydelight_02,prod_rice_01,Basmati Rice (1kg),PANTRY,21
2026-07-13,store_bakerydelight_02,prod_apples_01,Royal Gala Apples (1kg),PRODUCE,27
2026-07-14,store_freshmart_01,prod_milk_01,Fresh Organic Whole Milk (1L),DAIRY,36
2026-07-14,store_freshmart_01,prod_bread_01,Artisan Whole Wheat Bread,BAKERY,30
2026-07-14,store_freshmart_01,prod_croissant_01,Butter Croissants 4-Pack,BAKERY,21
2026-07-14,store_freshmart_01,prod_tomatoes_01,Organic Roma Tomatoes (1kg),PRODUCE,29
2026-07-14,store_freshmart_01,prod_chicken_01,Fresh Chicken Breast (500g),MEAT,24
2026-07-14,store_freshmart_01,prod_yogurt_01,Greek Style Yogurt (500g),DAIRY,19
2026-07-14,store_freshmart_01,prod_rice_01,Basmati Rice (1kg),PANTRY,23
2026-07-14,store_freshmart_01,prod_apples_01,Royal Gala Apples (1kg),PRODUCE,22
2026-07-14,store_bakerydelight_02,prod_milk_01,Fresh Organic Whole Milk (1L),DAIRY,35
2026-07-14,store_bakerydelight_02,prod_bread_01,Artisan Whole Wheat Bread,BAKERY,32
2026-07-14,store_bakerydelight_02,prod_croissant_01,Butter Croissants 4-Pack,BAKERY,16
2026-07-14,store_bakerydelight_02,prod_tomatoes_01,Organic Roma Tomatoes (1kg),PRODUCE,25
2026-07-14,store_bakerydelight_02,prod_chicken_01,Fresh Chicken Breast (500g),MEAT,22
2026-07-14,store_bakerydelight_02,prod_yogurt_01,Greek Style Yogurt (500g),DAIRY,18
2026-07-14,store_bakerydelight_02,prod_rice_01,Basmati Rice (1kg),PANTRY,25
2026-07-14,store_bakerydelight_02,prod_apples_01,Royal Gala Apples (1kg),PRODUCE,24
2026-07-15,store_freshmart_01,prod_milk_01,Fresh Organic Whole Milk (1L),DAIRY,34
2026-07-15,store_freshmart_01,prod_bread_01,Artisan Whole Wheat Bread,BAKERY,32
2026-07-15,store_freshmart_01,prod_croissant_01,Butter Croissants 4-Pack,BAKERY,15
2026-07-15,store_freshmart_01,prod_tomatoes_01,Organic Roma Tomatoes (1kg),PRODUCE,27
2026-07-15,store_freshmart_01,prod_chicken_01,Fresh Chicken Breast (500g),MEAT,21
2026-07-15,store_freshmart_01,prod_yogurt_01,Greek Style Yogurt (500g),DAIRY,13
2026-07-15,store_freshmart_01,prod_rice_01,Basmati Rice (1kg),PANTRY,24
2026-07-15,store_freshmart_01,prod_apples_01,Royal Gala Apples (1kg),PRODUCE,28
2026-07-15,store_bakerydelight_02,prod_milk_01,Fresh Organic Whole Milk (1L),DAIRY,34
2026-07-15,store_bakerydelight_02,prod_bread_01,Artisan Whole Wheat Bread,BAKERY,28
2026-07-15,store_bakerydelight_02,prod_croissant_01,Butter Croissants 4-Pack,BAKERY,16
2026-07-15,store_bakerydelight_02,prod_tomatoes_01,Organic Roma Tomatoes (1kg),PRODUCE,27
2026-07-15,store_bakerydelight_02,prod_chicken_01,Fresh Chicken Breast (500g),MEAT,20
2026-07-15,store_bakerydelight_02,prod_yogurt_01,Greek Style Yogurt (500g),DAIRY,17
2026-07-15,store_bakerydelight_02,prod_rice_01,Basmati Rice (1kg),PANTRY,28
2026-07-15,store_bakerydelight_02,prod_apples_01,Royal Gala Apples (1kg),PRODUCE,25
2026-07-16,store_freshmart_01,prod_milk_01,Fresh Organic Whole Milk (1L),DAIRY,31
2026-07-16,store_freshmart_01,prod_bread_01,Artisan Whole Wheat Bread,BAKERY,28
2026-07-16,store_freshmart_01,prod_croissant_01,Butter Croissants 4-Pack,BAKERY,21
2026-07-16,store_freshmart_01,prod_tomatoes_01,Organic Roma Tomatoes (1kg),PRODUCE,33
2026-07-16,store_freshmart_01,prod_chicken_01,Fresh Chicken Breast (500g),MEAT,26
2026-07-16,store_freshmart_01,prod_yogurt_01,Greek Style Yogurt (500g),DAIRY,15
2026-07-16,store_freshmart_01,prod_rice_01,Basmati Rice (1kg),PANTRY,22
2026-07-16,store_freshmart_01,prod_apples_01,Royal Gala Apples (1kg),PRODUCE,20
2026-07-16,store_bakerydelight_02,prod_milk_01,Fresh Organic Whole Milk (1L),DAIRY,33
2026-07-16,store_bakerydelight_02,prod_bread_01,Artisan Whole Wheat Bread,BAKERY,29
2026-07-16,store_bakerydelight_02,prod_croissant_01,Butter Croissants 4-Pack,BAKERY,22
2026-07-16,store_bakerydelight_02,prod_tomatoes_01,Organic Roma Tomatoes (1kg),PRODUCE,29
2026-07-16,store_bakerydelight_02,prod_chicken_01,Fresh Chicken Breast (500g),MEAT,21
2026-07-16,store_bakerydelight_02,prod_yogurt_01,Greek Style Yogurt (500g),DAIRY,18
2026-07-16,store_bakerydelight_02,prod_rice_01,Basmati Rice (1kg),PANTRY,22
2026-07-16,store_bakerydelight_02,prod_apples_01,Royal Gala Apples (1kg),PRODUCE,30
2026-07-17,store_freshmart_01,prod_milk_01,Fresh Organic Whole Milk (1L),DAIRY,29
2026-07-17,store_freshmart_01,prod_bread_01,Artisan Whole Wheat Bread,BAKERY,28
2026-07-17,store_freshmart_01,prod_croissant_01,Butter Croissants 4-Pack,BAKERY,26
2026-07-17,store_freshmart_01,prod_tomatoes_01,Organic Roma Tomatoes (1kg),PRODUCE,29
2026-07-17,store_freshmart_01,prod_chicken_01,Fresh Chicken Breast (500g),MEAT,21
2026-07-17,store_freshmart_01,prod_yogurt_01,Greek Style Yogurt (500g),DAIRY,16
2026-07-17,store_freshmart_01,prod_rice_01,Basmati Rice (1kg),PANTRY,24
2026-07-17,store_freshmart_01,prod_apples_01,Royal Gala Apples (1kg),PRODUCE,27
2026-07-17,store_bakerydelight_02,prod_milk_01,Fresh Organic Whole Milk (1L),DAIRY,27
2026-07-17,store_bakerydelight_02,prod_bread_01,Artisan Whole Wheat Bread,BAKERY,32
2026-07-17,store_bakerydelight_02,prod_croissant_01,Butter Croissants 4-Pack,BAKERY,15
2026-07-17,store_bakerydelight_02,prod_tomatoes_01,Organic Roma Tomatoes (1kg),PRODUCE,28
2026-07-17,store_bakerydelight_02,prod_chicken_01,Fresh Chicken Breast (500g),MEAT,20
2026-07-17,store_bakerydelight_02,prod_yogurt_01,Greek Style Yogurt (500g),DAIRY,19
2026-07-17,store_bakerydelight_02,prod_rice_01,Basmati Rice (1kg),PANTRY,20
2026-07-17,store_bakerydelight_02,prod_apples_01,Royal Gala Apples (1kg),PRODUCE,25
2026-07-18,store_freshmart_01,prod_milk_01,Fresh Organic Whole Milk (1L),DAIRY,52
2026-07-18,store_freshmart_01,prod_bread_01,Artisan Whole Wheat Bread,BAKERY,33
2026-07-18,store_freshmart_01,prod_croissant_01,Butter Croissants 4-Pack,BAKERY,27
2026-07-18,store_freshmart_01,prod_tomatoes_01,Organic Roma Tomatoes (1kg),PRODUCE,37
2026-07-18,store_freshmart_01,prod_chicken_01,Fresh Chicken Breast (500g),MEAT,30
2026-07-18,store_freshmart_01,prod_yogurt_01,Greek Style Yogurt (500g),DAIRY,24
2026-07-18,store_freshmart_01,prod_rice_01,Basmati Rice (1kg),PANTRY,31
2026-07-18,store_freshmart_01,prod_apples_01,Royal Gala Apples (1kg),PRODUCE,33
2026-07-18,store_bakerydelight_02,prod_milk_01,Fresh Organic Whole Milk (1L),DAIRY,51
2026-07-18,store_bakerydelight_02,prod_bread_01,Artisan Whole Wheat Bread,BAKERY,36
2026-07-18,store_bakerydelight_02,prod_croissant_01,Butter Croissants 4-Pack,BAKERY,28
2026-07-18,store_bakerydelight_02,prod_tomatoes_01,Organic Roma Tomatoes (1kg),PRODUCE,35
2026-07-18,store_bakerydelight_02,prod_chicken_01,Fresh Chicken Breast (500g),MEAT,26
2026-07-18,store_bakerydelight_02,prod_yogurt_01,Greek Style Yogurt (500g),DAIRY,25
2026-07-18,store_bakerydelight_02,prod_rice_01,Basmati Rice (1kg),PANTRY,37
2026-07-18,store_bakerydelight_02,prod_apples_01,Royal Gala Apples (1kg),PRODUCE,33
2026-07-19,store_freshmart_01,prod_milk_01,Fresh Organic Whole Milk (1L),DAIRY,45
2026-07-19,store_freshmart_01,prod_bread_01,Artisan Whole Wheat Bread,BAKERY,37
2026-07-19,store_freshmart_01,prod_croissant_01,Butter Croissants 4-Pack,BAKERY,22
2026-07-19,store_freshmart_01,prod_tomatoes_01,Organic Roma Tomatoes (1kg),PRODUCE,41
2026-07-19,store_freshmart_01,prod_chicken_01,Fresh Chicken Breast (500g),MEAT,31
2026-07-19,store_freshmart_01,prod_yogurt_01,Greek Style Yogurt (500g),DAIRY,22
2026-07-19,store_freshmart_01,prod_rice_01,Basmati Rice (1kg),PANTRY,31
2026-07-19,store_freshmart_01,prod_apples_01,Royal Gala Apples (1kg),PRODUCE,32
2026-07-19,store_bakerydelight_02,prod_milk_01,Fresh Organic Whole Milk (1L),DAIRY,45
2026-07-19,store_bakerydelight_02,prod_bread_01,Artisan Whole Wheat Bread,BAKERY,36
2026-07-19,store_bakerydelight_02,prod_croissant_01,Butter Croissants 4-Pack,BAKERY,33
2026-07-19,store_bakerydelight_02,prod_tomatoes_01,Organic Roma Tomatoes (1kg),PRODUCE,39
2026-07-19,store_bakerydelight_02,prod_chicken_01,Fresh Chicken Breast (500g),MEAT,28
2026-07-19,store_bakerydelight_02,prod_yogurt_01,Greek Style Yogurt (500g),DAIRY,22
2026-07-19,store_bakerydelight_02,prod_rice_01,Basmati Rice (1kg),PANTRY,35
2026-07-19,store_bakerydelight_02,prod_apples_01,Royal Gala Apples (1kg),PRODUCE,31
2026-07-20,store_freshmart_01,prod_milk_01,Fresh Organic Whole Milk (1L),DAIRY,32
2026-07-20,store_freshmart_01,prod_bread_01,Artisan Whole Wheat Bread,BAKERY,31
2026-07-20,store_freshmart_01,prod_croissant_01,Butter Croissants 4-Pack,BAKERY,24
2026-07-20,store_freshmart_01,prod_tomatoes_01,Organic Roma Tomatoes (1kg),PRODUCE,27
2026-07-20,store_freshmart_01,prod_chicken_01,Fresh Chicken Breast (500g),MEAT,16
2026-07-20,store_freshmart_01,prod_yogurt_01,Greek Style Yogurt (500g),DAIRY,20
2026-07-20,store_freshmart_01,prod_rice_01,Basmati Rice (1kg),PANTRY,22
2026-07-20,store_freshmart_01,prod_apples_01,Royal Gala Apples (1kg),PRODUCE,26
2026-07-20,store_bakerydelight_02,prod_milk_01,Fresh Organic Whole Milk (1L),DAIRY,28
2026-07-20,store_bakerydelight_02,prod_bread_01,Artisan Whole Wheat Bread,BAKERY,30
2026-07-20,store_bakerydelight_02,prod_croissant_01,Butter Croissants 4-Pack,BAKERY,16
2026-07-20,store_bakerydelight_02,prod_tomatoes_01,Organic Roma Tomatoes (1kg),PRODUCE,31
2026-07-20,store_bakerydelight_02,prod_chicken_01,Fresh Chicken Breast (500g),MEAT,21
2026-07-20,store_bakerydelight_02,prod_yogurt_01,Greek Style Yogurt (500g),DAIRY,15
2026-07-20,store_bakerydelight_02,prod_rice_01,Basmati Rice (1kg),PANTRY,23
2026-07-20,store_bakerydelight_02,prod_apples_01,Royal Gala Apples (1kg),PRODUCE,25
2026-07-21,store_freshmart_01,prod_milk_01,Fresh Organic Whole Milk (1L),DAIRY,34
2026-07-21,store_freshmart_01,prod_bread_01,Artisan Whole Wheat Bread,BAKERY,29
2026-07-21,store_freshmart_01,prod_croissant_01,Butter Croissants 4-Pack,BAKERY,25
2026-07-21,store_freshmart_01,prod_tomatoes_01,Organic Roma Tomatoes (1kg),PRODUCE,24
2026-07-21,store_freshmart_01,prod_chicken_01,Fresh Chicken Breast (500g),MEAT,26
2026-07-21,store_freshmart_01,prod_yogurt_01,Greek Style Yogurt (500g),DAIRY,18
2026-07-21,store_freshmart_01,prod_rice_01,Basmati Rice (1kg),PANTRY,21
2026-07-21,store_freshmart_01,prod_apples_01,Royal Gala Apples (1kg),PRODUCE,19
2026-07-21,store_bakerydelight_02,prod_milk_01,Fresh Organic Whole Milk (1L),DAIRY,33
2026-07-21,store_bakerydelight_02,prod_bread_01,Artisan Whole Wheat Bread,BAKERY,30
2026-07-21,store_bakerydelight_02,prod_croissant_01,Butter Croissants 4-Pack,BAKERY,19
2026-07-21,store_bakerydelight_02,prod_tomatoes_01,Organic Roma Tomatoes (1kg),PRODUCE,34
2026-07-21,store_bakerydelight_02,prod_chicken_01,Fresh Chicken Breast (500g),MEAT,17
2026-07-21,store_bakerydelight_02,prod_yogurt_01,Greek Style Yogurt (500g),DAIRY,17
2026-07-21,store_bakerydelight_02,prod_rice_01,Basmati Rice (1kg),PANTRY,20
2026-07-21,store_bakerydelight_02,prod_apples_01,Royal Gala Apples (1kg),PRODUCE,24
2026-07-22,store_freshmart_01,prod_milk_01,Fresh Organic Whole Milk (1L),DAIRY,36
2026-07-22,store_freshmart_01,prod_bread_01,Artisan Whole Wheat Bread,BAKERY,26
2026-07-22,store_freshmart_01,prod_croissant_01,Butter Croissants 4-Pack,BAKERY,12
2026-07-22,store_freshmart_01,prod_tomatoes_01,Organic Roma Tomatoes (1kg),PRODUCE,30
2026-07-22,store_freshmart_01,prod_chicken_01,Fresh Chicken Breast (500g),MEAT,23
2026-07-22,store_freshmart_01,prod_yogurt_01,Greek Style Yogurt (500g),DAIRY,19
2026-07-22,store_freshmart_01,prod_rice_01,Basmati Rice (1kg),PANTRY,28
2026-07-22,store_freshmart_01,prod_apples_01,Royal Gala Apples (1kg),PRODUCE,20
2026-07-22,store_bakerydelight_02,prod_milk_01,Fresh Organic Whole Milk (1L),DAIRY,36
2026-07-22,store_bakerydelight_02,prod_bread_01,Artisan Whole Wheat Bread,BAKERY,31
2026-07-22,store_bakerydelight_02,prod_croissant_01,Butter Croissants 4-Pack,BAKERY,14
2026-07-22,store_bakerydelight_02,prod_tomatoes_01,Organic Roma Tomatoes (1kg),PRODUCE,30
2026-07-22,store_bakerydelight_02,prod_chicken_01,Fresh Chicken Breast (500g),MEAT,20
2026-07-22,store_bakerydelight_02,prod_yogurt_01,Greek Style Yogurt (500g),DAIRY,17
2026-07-22,store_bakerydelight_02,prod_rice_01,Basmati Rice (1kg),PANTRY,25
2026-07-22,store_bakerydelight_02,prod_apples_01,Royal Gala Apples (1kg),PRODUCE,22
2026-07-23,store_freshmart_01,prod_milk_01,Fresh Organic Whole Milk (1L),DAIRY,32
2026-07-23,store_freshmart_01,prod_bread_01,Artisan Whole Wheat Bread,BAKERY,27
2026-07-23,store_freshmart_01,prod_croissant_01,Butter Croissants 4-Pack,BAKERY,16
2026-07-23,store_freshmart_01,prod_tomatoes_01,Organic Roma Tomatoes (1kg),PRODUCE,26
2026-07-23,store_freshmart_01,prod_chicken_01,Fresh Chicken Breast (500g),MEAT,23
2026-07-23,store_freshmart_01,prod_yogurt_01,Greek Style Yogurt (500g),DAIRY,14
2026-07-23,store_freshmart_01,prod_rice_01,Basmati Rice (1kg),PANTRY,26
2026-07-23,store_freshmart_01,prod_apples_01,Royal Gala Apples (1kg),PRODUCE,25
2026-07-23,store_bakerydelight_02,prod_milk_01,Fresh Organic Whole Milk (1L),DAIRY,29
2026-07-23,store_bakerydelight_02,prod_bread_01,Artisan Whole Wheat Bread,BAKERY,25
2026-07-23,store_bakerydelight_02,prod_croissant_01,Butter Croissants 4-Pack,BAKERY,23
2026-07-23,store_bakerydelight_02,prod_tomatoes_01,Organic Roma Tomatoes (1kg),PRODUCE,26
2026-07-23,store_bakerydelight_02,prod_chicken_01,Fresh Chicken Breast (500g),MEAT,20
2026-07-23,store_bakerydelight_02,prod_yogurt_01,Greek Style Yogurt (500g),DAIRY,19
2026-07-23,store_bakerydelight_02,prod_rice_01,Basmati Rice (1kg),PANTRY,26
2026-07-23,store_bakerydelight_02,prod_apples_01,Royal Gala Apples (1kg),PRODUCE,22
2026-07-24,store_freshmart_01,prod_milk_01,Fresh Organic Whole Milk (1L),DAIRY,32
2026-07-24,store_freshmart_01,prod_bread_01,Artisan Whole Wheat Bread,BAKERY,31
2026-07-24,store_freshmart_01,prod_croissant_01,Butter Croissants 4-Pack,BAKERY,24
2026-07-24,store_freshmart_01,prod_tomatoes_01,Organic Roma Tomatoes (1kg),PRODUCE,32
2026-07-24,store_freshmart_01,prod_chicken_01,Fresh Chicken Breast (500g),MEAT,21
2026-07-24,store_freshmart_01,prod_yogurt_01,Greek Style Yogurt (500g),DAIRY,15
2026-07-24,store_freshmart_01,prod_rice_01,Basmati Rice (1kg),PANTRY,22
2026-07-24,store_freshmart_01,prod_apples_01,Royal Gala Apples (1kg),PRODUCE,25
2026-07-24,store_bakerydelight_02,prod_milk_01,Fresh Organic Whole Milk (1L),DAIRY,35
2026-07-24,store_bakerydelight_02,prod_bread_01,Artisan Whole Wheat Bread,BAKERY,31
2026-07-24,store_bakerydelight_02,prod_croissant_01,Butter Croissants 4-Pack,BAKERY,21
2026-07-24,store_bakerydelight_02,prod_tomatoes_01,Organic Roma Tomatoes (1kg),PRODUCE,24
2026-07-24,store_bakerydelight_02,prod_chicken_01,Fresh Chicken Breast (500g),MEAT,24
2026-07-24,store_bakerydelight_02,prod_yogurt_01,Greek Style Yogurt (500g),DAIRY,14
2026-07-24,store_bakerydelight_02,prod_rice_01,Basmati Rice (1kg),PANTRY,23
2026-07-24,store_bakerydelight_02,prod_apples_01,Royal Gala Apples (1kg),PRODUCE,24
2026-07-25,store_freshmart_01,prod_milk_01,Fresh Organic Whole Milk (1L),DAIRY,51
2026-07-25,store_freshmart_01,prod_bread_01,Artisan Whole Wheat Bread,BAKERY,46
2026-07-25,store_freshmart_01,prod_croissant_01,Butter Croissants 4-Pack,BAKERY,28
2026-07-25,store_freshmart_01,prod_tomatoes_01,Organic Roma Tomatoes (1kg),PRODUCE,38
2026-07-25,store_freshmart_01,prod_chicken_01,Fresh Chicken Breast (500g),MEAT,30
2026-07-25,store_freshmart_01,prod_yogurt_01,Greek Style Yogurt (500g),DAIRY,26
2026-07-25,store_freshmart_01,prod_rice_01,Basmati Rice (1kg),PANTRY,31
2026-07-25,store_freshmart_01,prod_apples_01,Royal Gala Apples (1kg),PRODUCE,37
2026-07-25,store_bakerydelight_02,prod_milk_01,Fresh Organic Whole Milk (1L),DAIRY,46
2026-07-25,store_bakerydelight_02,prod_bread_01,Artisan Whole Wheat Bread,BAKERY,38
2026-07-25,store_bakerydelight_02,prod_croissant_01,Butter Croissants 4-Pack,BAKERY,28
2026-07-25,store_bakerydelight_02,prod_tomatoes_01,Organic Roma Tomatoes (1kg),PRODUCE,40
2026-07-25,store_bakerydelight_02,prod_chicken_01,Fresh Chicken Breast (500g),MEAT,31
2026-07-25,store_bakerydelight_02,prod_yogurt_01,Greek Style Yogurt (500g),DAIRY,21
2026-07-25,store_bakerydelight_02,prod_rice_01,Basmati Rice (1kg),PANTRY,31
2026-07-25,store_bakerydelight_02,prod_apples_01,Royal Gala Apples (1kg),PRODUCE,28
2026-07-26,store_freshmart_01,prod_milk_01,Fresh Organic Whole Milk (1L),DAIRY,47
2026-07-26,store_freshmart_01,prod_bread_01,Artisan Whole Wheat Bread,BAKERY,39
2026-07-26,store_freshmart_01,prod_croissant_01,Butter Croissants 4-Pack,BAKERY,27
2026-07-26,store_freshmart_01,prod_tomatoes_01,Organic Roma Tomatoes (1kg),PRODUCE,44
2026-07-26,store_freshmart_01,prod_chicken_01,Fresh Chicken Breast (500g),MEAT,28
2026-07-26,store_freshmart_01,prod_yogurt_01,Greek Style Yogurt (500g),DAIRY,25
2026-07-26,store_freshmart_01,prod_rice_01,Basmati Rice (1kg),PANTRY,29
2026-07-26,store_freshmart_01,prod_apples_01,Royal Gala Apples (1kg),PRODUCE,30
2026-07-26,store_bakerydelight_02,prod_milk_01,Fresh Organic Whole Milk (1L),DAIRY,47
2026-07-26,store_bakerydelight_02,prod_bread_01,Artisan Whole Wheat Bread,BAKERY,39
2026-07-26,store_bakerydelight_02,prod_croissant_01,Butter Croissants 4-Pack,BAKERY,25
2026-07-26,store_bakerydelight_02,prod_tomatoes_01,Organic Roma Tomatoes (1kg),PRODUCE,39
2026-07-26,store_bakerydelight_02,prod_chicken_01,Fresh Chicken Breast (500g),MEAT,24
2026-07-26,store_bakerydelight_02,prod_yogurt_01,Greek Style Yogurt (500g),DAIRY,22
2026-07-26,store_bakerydelight_02,prod_rice_01,Basmati Rice (1kg),PANTRY,35
2026-07-26,store_bakerydelight_02,prod_apples_01,Royal Gala Apples (1kg),PRODUCE,33
2026-07-27,store_freshmart_01,prod_milk_01,Fresh Organic Whole Milk (1L),DAIRY,35
2026-07-27,store_freshmart_01,prod_bread_01,Artisan Whole Wheat Bread,BAKERY,27
2026-07-27,store_freshmart_01,prod_croissant_01,Butter Croissants 4-Pack,BAKERY,19
2026-07-27,store_freshmart_01,prod_tomatoes_01,Organic Roma Tomatoes (1kg),PRODUCE,27
2026-07-27,store_freshmart_01,prod_chicken_01,Fresh Chicken Breast (500g),MEAT,23
2026-07-27,store_freshmart_01,prod_yogurt_01,Greek Style Yogurt (500g),DAIRY,19
2026-07-27,store_freshmart_01,prod_rice_01,Basmati Rice (1kg),PANTRY,25
2026-07-27,store_freshmart_01,prod_apples_01,Royal Gala Apples (1kg),PRODUCE,21
2026-07-27,store_bakerydelight_02,prod_milk_01,Fresh Organic Whole Milk (1L),DAIRY,27
2026-07-27,store_bakerydelight_02,prod_bread_01,Artisan Whole Wheat Bread,BAKERY,30
2026-07-27,store_bakerydelight_02,prod_croissant_01,Butter Croissants 4-Pack,BAKERY,18
2026-07-27,store_bakerydelight_02,prod_tomatoes_01,Organic Roma Tomatoes (1kg),PRODUCE,26
2026-07-27,store_bakerydelight_02,prod_chicken_01,Fresh Chicken Breast (500g),MEAT,23
2026-07-27,store_bakerydelight_02,prod_yogurt_01,Greek Style Yogurt (500g),DAIRY,16
2026-07-27,store_bakerydelight_02,prod_rice_01,Basmati Rice (1kg),PANTRY,27
2026-07-27,store_bakerydelight_02,prod_apples_01,Royal Gala Apples (1kg),PRODUCE,25
2026-07-28,store_freshmart_01,prod_milk_01,Fresh Organic Whole Milk (1L),DAIRY,36
2026-07-28,store_freshmart_01,prod_bread_01,Artisan Whole Wheat Bread,BAKERY,23
2026-07-28,store_freshmart_01,prod_croissant_01,Butter Croissants 4-Pack,BAKERY,23
2026-07-28,store_freshmart_01,prod_tomatoes_01,Organic Roma Tomatoes (1kg),PRODUCE,29
2026-07-28,store_freshmart_01,prod_chicken_01,Fresh Chicken Breast (500g),MEAT,20
2026-07-28,store_freshmart_01,prod_yogurt_01,Greek Style Yogurt (500g),DAIRY,18
2026-07-28,store_freshmart_01,prod_rice_01,Basmati Rice (1kg),PANTRY,19
2026-07-28,store_freshmart_01,prod_apples_01,Royal Gala Apples (1kg),PRODUCE,24
2026-07-28,store_bakerydelight_02,prod_milk_01,Fresh Organic Whole Milk (1L),DAIRY,30
2026-07-28,store_bakerydelight_02,prod_bread_01,Artisan Whole Wheat Bread,BAKERY,23
2026-07-28,store_bakerydelight_02,prod_croissant_01,Butter Croissants 4-Pack,BAKERY,15
2026-07-28,store_bakerydelight_02,prod_tomatoes_01,Organic Roma Tomatoes (1kg),PRODUCE,32
2026-07-28,store_bakerydelight_02,prod_chicken_01,Fresh Chicken Breast (500g),MEAT,19
2026-07-28,store_bakerydelight_02,prod_yogurt_01,Greek Style Yogurt (500g),DAIRY,22
2026-07-28,store_bakerydelight_02,prod_rice_01,Basmati Rice (1kg),PANTRY,22
2026-07-28,store_bakerydelight_02,prod_apples_01,Royal Gala Apples (1kg),PRODUCE,18
2026-07-29,store_freshmart_01,prod_milk_01,Fresh Organic Whole Milk (1L),DAIRY,30
2026-07-29,store_freshmart_01,prod_bread_01,Artisan Whole Wheat Bread,BAKERY,30
2026-07-29,store_freshmart_01,prod_croissant_01,Butter Croissants 4-Pack,BAKERY,19
2026-07-29,store_freshmart_01,prod_tomatoes_01,Organic Roma Tomatoes (1kg),PRODUCE,27
2026-07-29,store_freshmart_01,prod_chicken_01,Fresh Chicken Breast (500g),MEAT,21
2026-07-29,store_freshmart_01,prod_yogurt_01,Greek Style Yogurt (500g),DAIRY,19
2026-07-29,store_freshmart_01,prod_rice_01,Basmati Rice (1kg),PANTRY,27
2026-07-29,store_freshmart_01,prod_apples_01,Royal Gala Apples (1kg),PRODUCE,27
2026-07-29,store_bakerydelight_02,prod_milk_01,Fresh Organic Whole Milk (1L),DAIRY,32
2026-07-29,store_bakerydelight_02,prod_bread_01,Artisan Whole Wheat Bread,BAKERY,23
2026-07-29,store_bakerydelight_02,prod_croissant_01,Butter Croissants 4-Pack,BAKERY,18
2026-07-29,store_bakerydelight_02,prod_tomatoes_01,Organic Roma Tomatoes (1kg),PRODUCE,29
2026-07-29,store_bakerydelight_02,prod_chicken_01,Fresh Chicken Breast (500g),MEAT,18
2026-07-29,store_bakerydelight_02,prod_yogurt_01,Greek Style Yogurt (500g),DAIRY,14
2026-07-29,store_bakerydelight_02,prod_rice_01,Basmati Rice (1kg),PANTRY,25
2026-07-29,store_bakerydelight_02,prod_apples_01,Royal Gala Apples (1kg),PRODUCE,23
2026-07-30,store_freshmart_01,prod_milk_01,Fresh Organic Whole Milk (1L),DAIRY,33
2026-07-30,store_freshmart_01,prod_bread_01,Artisan Whole Wheat Bread,BAKERY,24
2026-07-30,store_freshmart_01,prod_croissant_01,Butter Croissants 4-Pack,BAKERY,18
2026-07-30,store_freshmart_01,prod_tomatoes_01,Organic Roma Tomatoes (1kg),PRODUCE,26
2026-07-30,store_freshmart_01,prod_chicken_01,Fresh Chicken Breast (500g),MEAT,24
2026-07-30,store_freshmart_01,prod_yogurt_01,Greek Style Yogurt (500g),DAIRY,20
2026-07-30,store_freshmart_01,prod_rice_01,Basmati Rice (1kg),PANTRY,18
2026-07-30,store_freshmart_01,prod_apples_01,Royal Gala Apples (1kg),PRODUCE,20
2026-07-30,store_bakerydelight_02,prod_milk_01,Fresh Organic Whole Milk (1L),DAIRY,29
2026-07-30,store_bakerydelight_02,prod_bread_01,Artisan Whole Wheat Bread,BAKERY,25
2026-07-30,store_bakerydelight_02,prod_croissant_01,Butter Croissants 4-Pack,BAKERY,19
2026-07-30,store_bakerydelight_02,prod_tomatoes_01,Organic Roma Tomatoes (1kg),PRODUCE,24
2026-07-30,store_bakerydelight_02,prod_chicken_01,Fresh Chicken Breast (500g),MEAT,18
2026-07-30,store_bakerydelight_02,prod_yogurt_01,Greek Style Yogurt (500g),DAIRY,14
2026-07-30,store_bakerydelight_02,prod_rice_01,Basmati Rice (1kg),PANTRY,24
2026-07-30,store_bakerydelight_02,prod_apples_01,Royal Gala Apples (1kg),PRODUCE,23
2026-07-31,store_freshmart_01,prod_milk_01,Fresh Organic Whole Milk (1L),DAIRY,31
2026-07-31,store_freshmart_01,prod_bread_01,Artisan Whole Wheat Bread,BAKERY,27
2026-07-31,store_freshmart_01,prod_croissant_01,Butter Croissants 4-Pack,BAKERY,17
2026-07-31,store_freshmart_01,prod_tomatoes_01,Organic Roma Tomatoes (1kg),PRODUCE,28
2026-07-31,store_freshmart_01,prod_chicken_01,Fresh Chicken Breast (500g),MEAT,26
2026-07-31,store_freshmart_01,prod_yogurt_01,Greek Style Yogurt (500g),DAIRY,21
2026-07-31,store_freshmart_01,prod_rice_01,Basmati Rice (1kg),PANTRY,20
2026-07-31,store_freshmart_01,prod_apples_01,Royal Gala Apples (1kg),PRODUCE,25
2026-07-31,store_bakerydelight_02,prod_milk_01,Fresh Organic Whole Milk (1L),DAIRY,36
2026-07-31,store_bakerydelight_02,prod_bread_01,Artisan Whole Wheat Bread,BAKERY,23
2026-07-31,store_bakerydelight_02,prod_croissant_01,Butter Croissants 4-Pack,BAKERY,21
2026-07-31,store_bakerydelight_02,prod_tomatoes_01,Organic Roma Tomatoes (1kg),PRODUCE,33
2026-07-31,store_bakerydelight_02,prod_chicken_01,Fresh Chicken Breast (500g),MEAT,18
2026-07-31,store_bakerydelight_02,prod_yogurt_01,Greek Style Yogurt (500g),DAIRY,14
2026-07-31,store_bakerydelight_02,prod_rice_01,Basmati Rice (1kg),PANTRY,27
2026-07-31,store_bakerydelight_02,prod_apples_01,Royal Gala Apples (1kg),PRODUCE,24
2026-08-01,store_freshmart_01,prod_milk_01,Fresh Organic Whole Milk (1L),DAIRY,47
2026-08-01,store_freshmart_01,prod_bread_01,Artisan Whole Wheat Bread,BAKERY,37
2026-08-01,store_freshmart_01,prod_croissant_01,Butter Croissants 4-Pack,BAKERY,27
2026-08-01,store_freshmart_01,prod_tomatoes_01,Organic Roma Tomatoes (1kg),PRODUCE,34
2026-08-01,store_freshmart_01,prod_chicken_01,Fresh Chicken Breast (500g),MEAT,31
2026-08-01,store_freshmart_01,prod_yogurt_01,Greek Style Yogurt (500g),DAIRY,27
2026-08-01,store_freshmart_01,prod_rice_01,Basmati Rice (1kg),PANTRY,31
2026-08-01,store_freshmart_01,prod_apples_01,Royal Gala Apples (1kg),PRODUCE,31
2026-08-01,store_bakerydelight_02,prod_milk_01,Fresh Organic Whole Milk (1L),DAIRY,40
2026-08-01,store_bakerydelight_02,prod_bread_01,Artisan Whole Wheat Bread,BAKERY,37
2026-08-01,store_bakerydelight_02,prod_croissant_01,Butter Croissants 4-Pack,BAKERY,27
2026-08-01,store_bakerydelight_02,prod_tomatoes_01,Organic Roma Tomatoes (1kg),PRODUCE,38
2026-08-01,store_bakerydelight_02,prod_chicken_01,Fresh Chicken Breast (500g),MEAT,32
2026-08-01,store_bakerydelight_02,prod_yogurt_01,Greek Style Yogurt (500g),DAIRY,22
2026-08-01,store_bakerydelight_02,prod_rice_01,Basmati Rice (1kg),PANTRY,34
2026-08-01,store_bakerydelight_02,prod_apples_01,Royal Gala Apples (1kg),PRODUCE,28
2026-08-02,store_freshmart_01,prod_milk_01,Fresh Organic Whole Milk (1L),DAIRY,45
2026-08-02,store_freshmart_01,prod_bread_01,Artisan Whole Wheat Bread,BAKERY,35
2026-08-02,store_freshmart_01,prod_croissant_01,Butter Croissants 4-Pack,BAKERY,26
2026-08-02,store_freshmart_01,prod_tomatoes_01,Organic Roma Tomatoes (1kg),PRODUCE,37
2026-08-02,store_freshmart_01,prod_chicken_01,Fresh Chicken Breast (500g),MEAT,28
2026-08-02,store_freshmart_01,prod_yogurt_01,Greek Style Yogurt (500g),DAIRY,26
2026-08-02,store_freshmart_01,prod_rice_01,Basmati Rice (1kg),PANTRY,31
2026-08-02,store_freshmart_01,prod_apples_01,Royal Gala Apples (1kg),PRODUCE,26
2026-08-02,store_bakerydelight_02,prod_milk_01,Fresh Organic Whole Milk (1L),DAIRY,50
2026-08-02,store_bakerydelight_02,prod_bread_01,Artisan Whole Wheat Bread,BAKERY,40
2026-08-02,store_bakerydelight_02,prod_croissant_01,Butter Croissants 4-Pack,BAKERY,22
2026-08-02,store_bakerydelight_02,prod_tomatoes_01,Organic Roma Tomatoes (1kg),PRODUCE,40
2026-08-02,store_bakerydelight_02,prod_chicken_01,Fresh Chicken Breast (500g),MEAT,27
2026-08-02,store_bakerydelight_02,prod_yogurt_01,Greek Style Yogurt (500g),DAIRY,24
2026-08-02,store_bakerydelight_02,prod_rice_01,Basmati Rice (1kg),PANTRY,33
2026-08-02,store_bakerydelight_02,prod_apples_01,Royal Gala Apples (1kg),PRODUCE,30
2026-08-03,store_freshmart_01,prod_milk_01,Fresh Organic Whole Milk (1L),DAIRY,31
2026-08-03,store_freshmart_01,prod_bread_01,Artisan Whole Wheat Bread,BAKERY,24
2026-08-03,store_freshmart_01,prod_croissant_01,Butter Croissants 4-Pack,BAKERY,16
2026-08-03,store_freshmart_01,prod_tomatoes_01,Organic Roma Tomatoes (1kg),PRODUCE,26
2026-08-03,store_freshmart_01,prod_chicken_01,Fresh Chicken Breast (500g),MEAT,21
2026-08-03,store_freshmart_01,prod_yogurt_01,Greek Style Yogurt (500g),DAIRY,15
2026-08-03,store_freshmart_01,prod_rice_01,Basmati Rice (1kg),PANTRY,26
2026-08-03,store_freshmart_01,prod_apples_01,Royal Gala Apples (1kg),PRODUCE,27
2026-08-03,store_bakerydelight_02,prod_milk_01,Fresh Organic Whole Milk (1L),DAIRY,31
2026-08-03,store_bakerydelight_02,prod_bread_01,Artisan Whole Wheat Bread,BAKERY,27
2026-08-03,store_bakerydelight_02,prod_croissant_01,Butter Croissants 4-Pack,BAKERY,20
2026-08-03,store_bakerydelight_02,prod_tomatoes_01,Organic Roma Tomatoes (1kg),PRODUCE,30
2026-08-03,store_bakerydelight_02,prod_chicken_01,Fresh Chicken Breast (500g),MEAT,21
2026-08-03,store_bakerydelight_02,prod_yogurt_01,Greek Style Yogurt (500g),DAIRY,19
2026-08-03,store_bakerydelight_02,prod_rice_01,Basmati Rice (1kg),PANTRY,25
2026-08-03,store_bakerydelight_02,prod_apples_01,Royal Gala Apples (1kg),PRODUCE,19
2026-08-04,store_freshmart_01,prod_milk_01,Fresh Organic Whole Milk (1L),DAIRY,36
2026-08-04,store_freshmart_01,prod_bread_01,Artisan Whole Wheat Bread,BAKERY,29
2026-08-04,store_freshmart_01,prod_croissant_01,Butter Croissants 4-Pack,BAKERY,17
2026-08-04,store_freshmart_01,prod_tomatoes_01,Organic Roma Tomatoes (1kg),PRODUCE,28
2026-08-04,store_freshmart_01,prod_chicken_01,Fresh Chicken Breast (500g),MEAT,23
2026-08-04,store_freshmart_01,prod_yogurt_01,Greek Style Yogurt (500g),DAIRY,16
2026-08-04,store_freshmart_01,prod_rice_01,Basmati Rice (1kg),PANTRY,27
2026-08-04,store_freshmart_01,prod_apples_01,Royal Gala Apples (1kg),PRODUCE,30
2026-08-04,store_bakerydelight_02,prod_milk_01,Fresh Organic Whole Milk (1L),DAIRY,31
2026-08-04,store_bakerydelight_02,prod_bread_01,Artisan Whole Wheat Bread,BAKERY,22
2026-08-04,store_bakerydelight_02,prod_croissant_01,Butter Croissants 4-Pack,BAKERY,20
2026-08-04,store_bakerydelight_02,prod_tomatoes_01,Organic Roma Tomatoes (1kg),PRODUCE,31
2026-08-04,store_bakerydelight_02,prod_chicken_01,Fresh Chicken Breast (500g),MEAT,20
2026-08-04,store_bakerydelight_02,prod_yogurt_01,Greek Style Yogurt (500g),DAIRY,21
2026-08-04,store_bakerydelight_02,prod_rice_01,Basmati Rice (1kg),PANTRY,20
2026-08-04,store_bakerydelight_02,prod_apples_01,Royal Gala Apples (1kg),PRODUCE,25
2026-08-05,store_freshmart_01,prod_milk_01,Fresh Organic Whole Milk (1L),DAIRY,31
2026-08-05,store_freshmart_01,prod_bread_01,Artisan Whole Wheat Bread,BAKERY,32
2026-08-05,store_freshmart_01,prod_croissant_01,Butter Croissants 4-Pack,BAKERY,25
2026-08-05,store_freshmart_01,prod_tomatoes_01,Organic Roma Tomatoes (1kg),PRODUCE,26
2026-08-05,store_freshmart_01,prod_chicken_01,Fresh Chicken Breast (500g),MEAT,19
2026-08-05,store_freshmart_01,prod_yogurt_01,Greek Style Yogurt (500g),DAIRY,20
2026-08-05,store_freshmart_01,prod_rice_01,Basmati Rice (1kg),PANTRY,22
2026-08-05,store_freshmart_01,prod_apples_01,Royal Gala Apples (1kg),PRODUCE,23
2026-08-05,store_bakerydelight_02,prod_milk_01,Fresh Organic Whole Milk (1L),DAIRY,33
2026-08-05,store_bakerydelight_02,prod_bread_01,Artisan Whole Wheat Bread,BAKERY,21
2026-08-05,store_bakerydelight_02,prod_croissant_01,Butter Croissants 4-Pack,BAKERY,19
2026-08-05,store_bakerydelight_02,prod_tomatoes_01,Organic Roma Tomatoes (1kg),PRODUCE,26
2026-08-05,store_bakerydelight_02,prod_chicken_01,Fresh Chicken Breast (500g),MEAT,19
2026-08-05,store_bakerydelight_02,prod_yogurt_01,Greek Style Yogurt (500g),DAIRY,21
2026-08-05,store_bakerydelight_02,prod_rice_01,Basmati Rice (1kg),PANTRY,20
2026-08-05,store_bakerydelight_02,prod_apples_01,Royal Gala Apples (1kg),PRODUCE,25
2026-08-06,store_freshmart_01,prod_milk_01,Fresh Organic Whole Milk (1L),DAIRY,32
2026-08-06,store_freshmart_01,prod_bread_01,Artisan Whole Wheat Bread,BAKERY,26
2026-08-06,store_freshmart_01,prod_croissant_01,Butter Croissants 4-Pack,BAKERY,21
2026-08-06,store_freshmart_01,prod_tomatoes_01,Organic Roma Tomatoes (1kg),PRODUCE,29
2026-08-06,store_freshmart_01,prod_chicken_01,Fresh Chicken Breast (500g),MEAT,22
2026-08-06,store_freshmart_01,prod_yogurt_01,Greek Style Yogurt (500g),DAIRY,20
2026-08-06,store_freshmart_01,prod_rice_01,Basmati Rice (1kg),PANTRY,23
2026-08-06,store_freshmart_01,prod_apples_01,Royal Gala Apples (1kg),PRODUCE,21
2026-08-06,store_bakerydelight_02,prod_milk_01,Fresh Organic Whole Milk (1L),DAIRY,30
2026-08-06,store_bakerydelight_02,prod_bread_01,Artisan Whole Wheat Bread,BAKERY,24
2026-08-06,store_bakerydelight_02,prod_croissant_01,Butter Croissants 4-Pack,BAKERY,28
2026-08-06,store_bakerydelight_02,prod_tomatoes_01,Organic Roma Tomatoes (1kg),PRODUCE,32
2026-08-06,store_bakerydelight_02,prod_chicken_01,Fresh Chicken Breast (500g),MEAT,17
2026-08-06,store_bakerydelight_02,prod_yogurt_01,Greek Style Yogurt (500g),DAIRY,13
2026-08-06,store_bakerydelight_02,prod_rice_01,Basmati Rice (1kg),PANTRY,25
2026-08-06,store_bakerydelight_02,prod_apples_01,Royal Gala Apples (1kg),PRODUCE,24
2026-08-07,store_freshmart_01,prod_milk_01,Fresh Organic Whole Milk (1L),DAIRY,35
2026-08-07,store_freshmart_01,prod_bread_01,Artisan Whole Wheat Bread,BAKERY,26
2026-08-07,store_freshmart_01,prod_croissant_01,Butter Croissants 4-Pack,BAKERY,18
2026-08-07,store_freshmart_01,prod_tomatoes_01,Organic Roma Tomatoes (1kg),PRODUCE,29
2026-08-07,store_freshmart_01,prod_chicken_01,Fresh Chicken Breast (500g),MEAT,21
2026-08-07,store_freshmart_01,prod_yogurt_01,Greek Style Yogurt (500g),DAIRY,10
2026-08-07,store_freshmart_01,prod_rice_01,Basmati Rice (1kg),PANTRY,23
2026-08-07,store_freshmart_01,prod_apples_01,Royal Gala Apples (1kg),PRODUCE,20
2026-08-07,store_bakerydelight_02,prod_milk_01,Fresh Organic Whole Milk (1L),DAIRY,33
2026-08-07,store_bakerydelight_02,prod_bread_01,Artisan Whole Wheat Bread,BAKERY,35
2026-08-07,store_bakerydelight_02,prod_croissant_01,Butter Croissants 4-Pack,BAKERY,20
2026-08-07,store_bakerydelight_02,prod_tomatoes_01,Organic Roma Tomatoes (1kg),PRODUCE,27
2026-08-07,store_bakerydelight_02,prod_chicken_01,Fresh Chicken Breast (500g),MEAT,23
2026-08-07,store_bakerydelight_02,prod_yogurt_01,Greek Style Yogurt (500g),DAIRY,18
2026-08-07,store_bakerydelight_02,prod_rice_01,Basmati Rice (1kg),PANTRY,25
2026-08-07,store_bakerydelight_02,prod_apples_01,Royal Gala Apples (1kg),PRODUCE,24
2026-08-08,store_freshmart_01,prod_milk_01,Fresh Organic Whole Milk (1L),DAIRY,51
2026-08-08,store_freshmart_01,prod_bread_01,Artisan Whole Wheat Bread,BAKERY,32
2026-08-08,store_freshmart_01,prod_croissant_01,Butter Croissants 4-Pack,BAKERY,27
2026-08-08,store_freshmart_01,prod_tomatoes_01,Organic Roma Tomatoes (1kg),PRODUCE,35
2026-08-08,store_freshmart_01,prod_chicken_01,Fresh Chicken Breast (500g),MEAT,30
2026-08-08,store_freshmart_01,prod_yogurt_01,Greek Style Yogurt (500g),DAIRY,20
2026-08-08,store_freshmart_01,prod_rice_01,Basmati Rice (1kg),PANTRY,30
2026-08-08,store_freshmart_01,prod_apples_01,Royal Gala Apples (1kg),PRODUCE,30
2026-08-08,store_bakerydelight_02,prod_milk_01,Fresh Organic Whole Milk (1L),DAIRY,47
2026-08-08,store_bakerydelight_02,prod_bread_01,Artisan Whole Wheat Bread,BAKERY,38
2026-08-08,store_bakerydelight_02,prod_croissant_01,Butter Croissants 4-Pack,BAKERY,22
2026-08-08,store_bakerydelight_02,prod_tomatoes_01,Organic Roma Tomatoes (1kg),PRODUCE,38
2026-08-08,store_bakerydelight_02,prod_chicken_01,Fresh Chicken Breast (500g),MEAT,26
2026-08-08,store_bakerydelight_02,prod_yogurt_01,Greek Style Yogurt (500g),DAIRY,19
2026-08-08,store_bakerydelight_02,prod_rice_01,Basmati Rice (1kg),PANTRY,31
2026-08-08,store_bakerydelight_02,prod_apples_01,Royal Gala Apples (1kg),PRODUCE,30
2026-08-09,store_freshmart_01,prod_milk_01,Fresh Organic Whole Milk (1L),DAIRY,52
2026-08-09,store_freshmart_01,prod_bread_01,Artisan Whole Wheat Bread,BAKERY,37
2026-08-09,store_freshmart_01,prod_croissant_01,Butter Croissants 4-Pack,BAKERY,21
2026-08-09,store_freshmart_01,prod_tomatoes_01,Organic Roma Tomatoes (1kg),PRODUCE,36
2026-08-09,store_freshmart_01,prod_chicken_01,Fresh Chicken Breast (500g),MEAT,31
2026-08-09,store_freshmart_01,prod_yogurt_01,Greek Style Yogurt (500g),DAIRY,29
2026-08-09,store_freshmart_01,prod_rice_01,Basmati Rice (1kg),PANTRY,27
2026-08-09,store_freshmart_01,prod_apples_01,Royal Gala Apples (1kg),PRODUCE,25
2026-08-09,store_bakerydelight_02,prod_milk_01,Fresh Organic Whole Milk (1L),DAIRY,50
2026-08-09,store_bakerydelight_02,prod_bread_01,Artisan Whole Wheat Bread,BAKERY,37
2026-08-09,store_bakerydelight_02,prod_croissant_01,Butter Croissants 4-Pack,BAKERY,23
2026-08-09,store_bakerydelight_02,prod_tomatoes_01,Organic Roma Tomatoes (1kg),PRODUCE,40
2026-08-09,store_bakerydelight_02,prod_chicken_01,Fresh Chicken Breast (500g),MEAT,20
2026-08-09,store_bakerydelight_02,prod_yogurt_01,Greek Style Yogurt (500g),DAIRY,23
2026-08-09,store_bakerydelight_02,prod_rice_01,Basmati Rice (1kg),PANTRY,33
2026-08-09,store_bakerydelight_02,prod_apples_01,Royal Gala Apples (1kg),PRODUCE,33
2026-08-10,store_freshmart_01,prod_milk_01,Fresh Organic Whole Milk (1L),DAIRY,30
2026-08-10,store_freshmart_01,prod_bread_01,Artisan Whole Wheat Bread,BAKERY,27
2026-08-10,store_freshmart_01,prod_croissant_01,Butter Croissants 4-Pack,BAKERY,16
2026-08-10,store_freshmart_01,prod_tomatoes_01,Organic Roma Tomatoes (1kg),PRODUCE,29
2026-08-10,store_freshmart_01,prod_chicken_01,Fresh Chicken Breast (500g),MEAT,18
2026-08-10,store_freshmart_01,prod_yogurt_01,Greek Style Yogurt (500g),DAIRY,16
2026-08-10,store_freshmart_01,prod_rice_01,Basmati Rice (1kg),PANTRY,20
2026-08-10,store_freshmart_01,prod_apples_01,Royal Gala Apples (1kg),PRODUCE,24
2026-08-10,store_bakerydelight_02,prod_milk_01,Fresh Organic Whole Milk (1L),DAIRY,35
2026-08-10,store_bakerydelight_02,prod_bread_01,Artisan Whole Wheat Bread,BAKERY,26
2026-08-10,store_bakerydelight_02,prod_croissant_01,Butter Croissants 4-Pack,BAKERY,19
2026-08-10,store_bakerydelight_02,prod_tomatoes_01,Organic Roma Tomatoes (1kg),PRODUCE,24
2026-08-10,store_bakerydelight_02,prod_chicken_01,Fresh Chicken Breast (500g),MEAT,20
2026-08-10,store_bakerydelight_02,prod_yogurt_01,Greek Style Yogurt (500g),DAIRY,17
2026-08-10,store_bakerydelight_02,prod_rice_01,Basmati Rice (1kg),PANTRY,31
2026-08-10,store_bakerydelight_02,prod_apples_01,Royal Gala Apples (1kg),PRODUCE,19
2026-08-11,store_freshmart_01,prod_milk_01,Fresh Organic Whole Milk (1L),DAIRY,37
2026-08-11,store_freshmart_01,prod_bread_01,Artisan Whole Wheat Bread,BAKERY,29
2026-08-11,store_freshmart_01,prod_croissant_01,Butter Croissants 4-Pack,BAKERY,20
2026-08-11,store_freshmart_01,prod_tomatoes_01,Organic Roma Tomatoes (1kg),PRODUCE,33
2026-08-11,store_freshmart_01,prod_chicken_01,Fresh Chicken Breast (500g),MEAT,22
2026-08-11,store_freshmart_01,prod_yogurt_01,Greek Style Yogurt (500g),DAIRY,18
2026-08-11,store_freshmart_01,prod_rice_01,Basmati Rice (1kg),PANTRY,23
2026-08-11,store_freshmart_01,prod_apples_01,Royal Gala Apples (1kg),PRODUCE,26
2026-08-11,store_bakerydelight_02,prod_milk_01,Fresh Organic Whole Milk (1L),DAIRY,36
2026-08-11,store_bakerydelight_02,prod_bread_01,Artisan Whole Wheat Bread,BAKERY,24
2026-08-11,store_bakerydelight_02,prod_croissant_01,Butter Croissants 4-Pack,BAKERY,15
2026-08-11,store_bakerydelight_02,prod_tomatoes_01,Organic Roma Tomatoes (1kg),PRODUCE,27
2026-08-11,store_bakerydelight_02,prod_chicken_01,Fresh Chicken Breast (500g),MEAT,18
2026-08-11,store_bakerydelight_02,prod_yogurt_01,Greek Style Yogurt (500g),DAIRY,17
2026-08-11,store_bakerydelight_02,prod_rice_01,Basmati Rice (1kg),PANTRY,27
2026-08-11,store_bakerydelight_02,prod_apples_01,Royal Gala Apples (1kg),PRODUCE,21
2026-08-12,store_freshmart_01,prod_milk_01,Fresh Organic Whole Milk (1L),DAIRY,33
2026-08-12,store_freshmart_01,prod_bread_01,Artisan Whole Wheat Bread,BAKERY,26
2026-08-12,store_freshmart_01,prod_croissant_01,Butter Croissants 4-Pack,BAKERY,21
2026-08-12,store_freshmart_01,prod_tomatoes_01,Organic Roma Tomatoes (1kg),PRODUCE,21
2026-08-12,store_freshmart_01,prod_chicken_01,Fresh Chicken Breast (500g),MEAT,19
2026-08-12,store_freshmart_01,prod_yogurt_01,Greek Style Yogurt (500g),DAIRY,17
2026-08-12,store_freshmart_01,prod_rice_01,Basmati Rice (1kg),PANTRY,27
2026-08-12,store_freshmart_01,prod_apples_01,Royal Gala Apples (1kg),PRODUCE,21
2026-08-12,store_bakerydelight_02,prod_milk_01,Fresh Organic Whole Milk (1L),DAIRY,27
2026-08-12,store_bakerydelight_02,prod_bread_01,Artisan Whole Wheat Bread,BAKERY,28
2026-08-12,store_bakerydelight_02,prod_croissant_01,Butter Croissants 4-Pack,BAKERY,17
2026-08-12,store_bakerydelight_02,prod_tomatoes_01,Organic Roma Tomatoes (1kg),PRODUCE,24
2026-08-12,store_bakerydelight_02,prod_chicken_01,Fresh Chicken Breast (500g),MEAT,19
2026-08-12,store_bakerydelight_02,prod_yogurt_01,Greek Style Yogurt (500g),DAIRY,16
2026-08-12,store_bakerydelight_02,prod_rice_01,Basmati Rice (1kg),PANTRY,22
2026-08-12,store_bakerydelight_02,prod_apples_01,Royal Gala Apples (1kg),PRODUCE,16
2026-08-13,store_freshmart_01,prod_milk_01,Fresh Organic Whole Milk (1L),DAIRY,35
2026-08-13,store_freshmart_01,prod_bread_01,Artisan Whole Wheat Bread,BAKERY,30
2026-08-13,store_freshmart_01,prod_croissant_01,Butter Croissants 4-Pack,BAKERY,21
2026-08-13,store_freshmart_01,prod_tomatoes_01,Organic Roma Tomatoes (1kg),PRODUCE,25
2026-08-13,store_freshmart_01,prod_chicken_01,Fresh Chicken Breast (500g),MEAT,20
2026-08-13,store_freshmart_01,prod_yogurt_01,Greek Style Yogurt (500g),DAIRY,17
2026-08-13,store_freshmart_01,prod_rice_01,Basmati Rice (1kg),PANTRY,25
2026-08-13,store_freshmart_01,prod_apples_01,Royal Gala Apples (1kg),PRODUCE,24
2026-08-13,store_bakerydelight_02,prod_milk_01,Fresh Organic Whole Milk (1L),DAIRY,30
2026-08-13,store_bakerydelight_02,prod_bread_01,Artisan Whole Wheat Bread,BAKERY,26
2026-08-13,store_bakerydelight_02,prod_croissant_01,Butter Croissants 4-Pack,BAKERY,20
2026-08-13,store_bakerydelight_02,prod_tomatoes_01,Organic Roma Tomatoes (1kg),PRODUCE,32
2026-08-13,store_bakerydelight_02,prod_chicken_01,Fresh Chicken Breast (500g),MEAT,23
2026-08-13,store_bakerydelight_02,prod_yogurt_01,Greek Style Yogurt (500g),DAIRY,19
2026-08-13,store_bakerydelight_02,prod_rice_01,Basmati Rice (1kg),PANTRY,24
2026-08-13,store_bakerydelight_02,prod_apples_01,Royal Gala Apples (1kg),PRODUCE,27
2026-08-14,store_freshmart_01,prod_milk_01,Fresh Organic Whole Milk (1L),DAIRY,34
2026-08-14,store_freshmart_01,prod_bread_01,Artisan Whole Wheat Bread,BAKERY,24
2026-08-14,store_freshmart_01,prod_croissant_01,Butter Croissants 4-Pack,BAKERY,23
2026-08-14,store_freshmart_01,prod_tomatoes_01,Organic Roma Tomatoes (1kg),PRODUCE,30
2026-08-14,store_freshmart_01,prod_chicken_01,Fresh Chicken Breast (500g),MEAT,19
2026-08-14,store_freshmart_01,prod_yogurt_01,Greek Style Yogurt (500g),DAIRY,15
2026-08-14,store_freshmart_01,prod_rice_01,Basmati Rice (1kg),PANTRY,24
2026-08-14,store_freshmart_01,prod_apples_01,Royal Gala Apples (1kg),PRODUCE,24
2026-08-14,store_bakerydelight_02,prod_milk_01,Fresh Organic Whole Milk (1L),DAIRY,33
2026-08-14,store_bakerydelight_02,prod_bread_01,Artisan Whole Wheat Bread,BAKERY,27
2026-08-14,store_bakerydelight_02,prod_croissant_01,Butter Croissants 4-Pack,BAKERY,24
2026-08-14,store_bakerydelight_02,prod_tomatoes_01,Organic Roma Tomatoes (1kg),PRODUCE,31
2026-08-14,store_bakerydelight_02,prod_chicken_01,Fresh Chicken Breast (500g),MEAT,21
2026-08-14,store_bakerydelight_02,prod_yogurt_01,Greek Style Yogurt (500g),DAIRY,20
2026-08-14,store_bakerydelight_02,prod_rice_01,Basmati Rice (1kg),PANTRY,20
2026-08-14,store_bakerydelight_02,prod_apples_01,Royal Gala Apples (1kg),PRODUCE,24
2026-08-15,store_freshmart_01,prod_milk_01,Fresh Organic Whole Milk (1L),DAIRY,49
2026-08-15,store_freshmart_01,prod_bread_01,Artisan Whole Wheat Bread,BAKERY,35
2026-08-15,store_freshmart_01,prod_croissant_01,Butter Croissants 4-Pack,BAKERY,23
2026-08-15,store_freshmart_01,prod_tomatoes_01,Organic Roma Tomatoes (1kg),PRODUCE,36
2026-08-15,store_freshmart_01,prod_chicken_01,Fresh Chicken Breast (500g),MEAT,24
2026-08-15,store_freshmart_01,prod_yogurt_01,Greek Style Yogurt (500g),DAIRY,20
2026-08-15,store_freshmart_01,prod_rice_01,Basmati Rice (1kg),PANTRY,30
2026-08-15,store_freshmart_01,prod_apples_01,Royal Gala Apples (1kg),PRODUCE,26
2026-08-15,store_bakerydelight_02,prod_milk_01,Fresh Organic Whole Milk (1L),DAIRY,44
2026-08-15,store_bakerydelight_02,prod_bread_01,Artisan Whole Wheat Bread,BAKERY,38
2026-08-15,store_bakerydelight_02,prod_croissant_01,Butter Croissants 4-Pack,BAKERY,22
2026-08-15,store_bakerydelight_02,prod_tomatoes_01,Organic Roma Tomatoes (1kg),PRODUCE,42
2026-08-15,store_bakerydelight_02,prod_chicken_01,Fresh Chicken Breast (500g),MEAT,29
2026-08-15,store_bakerydelight_02,prod_yogurt_01,Greek Style Yogurt (500g),DAIRY,26
2026-08-15,store_bakerydelight_02,prod_rice_01,Basmati Rice (1kg),PANTRY,29
2026-08-15,store_bakerydelight_02,prod_apples_01,Royal Gala Apples (1kg),PRODUCE,33
2026-08-16,store_freshmart_01,prod_milk_01,Fresh Organic Whole Milk (1L),DAIRY,41
2026-08-16,store_freshmart_01,prod_bread_01,Artisan Whole Wheat Bread,BAKERY,38
2026-08-16,store_freshmart_01,prod_croissant_01,Butter Croissants 4-Pack,BAKERY,26
2026-08-16,store_freshmart_01,prod_tomatoes_01,Organic Roma Tomatoes (1kg),PRODUCE,39
2026-08-16,store_freshmart_01,prod_chicken_01,Fresh Chicken Breast (500g),MEAT,24
2026-08-16,store_freshmart_01,prod_yogurt_01,Greek Style Yogurt (500g),DAIRY,20
2026-08-16,store_freshmart_01,prod_rice_01,Basmati Rice (1kg),PANTRY,33
2026-08-16,store_freshmart_01,prod_apples_01,Royal Gala Apples (1kg),PRODUCE,27
2026-08-16,store_bakerydelight_02,prod_milk_01,Fresh Organic Whole Milk (1L),DAIRY,45
2026-08-16,store_bakerydelight_02,prod_bread_01,Artisan Whole Wheat Bread,BAKERY,31
2026-08-16,store_bakerydelight_02,prod_croissant_01,Butter Croissants 4-Pack,BAKERY,28
2026-08-16,store_bakerydelight_02,prod_tomatoes_01,Organic Roma Tomatoes (1kg),PRODUCE,34
2026-08-16,store_bakerydelight_02,prod_chicken_01,Fresh Chicken Breast (500g),MEAT,29
2026-08-16,store_bakerydelight_02,prod_yogurt_01,Greek Style Yogurt (500g),DAIRY,24
2026-08-16,store_bakerydelight_02,prod_rice_01,Basmati Rice (1kg),PANTRY,29
2026-08-16,store_bakerydelight_02,prod_apples_01,Royal Gala Apples (1kg),PRODUCE,32
2026-08-17,store_freshmart_01,prod_milk_01,Fresh Organic Whole Milk (1L),DAIRY,33
2026-08-17,store_freshmart_01,prod_bread_01,Artisan Whole Wheat Bread,BAKERY,24
2026-08-17,store_freshmart_01,prod_croissant_01,Butter Croissants 4-Pack,BAKERY,16
2026-08-17,store_freshmart_01,prod_tomatoes_01,Organic Roma Tomatoes (1kg),PRODUCE,22
2026-08-17,store_freshmart_01,prod_chicken_01,Fresh Chicken Breast (500g),MEAT,21
2026-08-17,store_freshmart_01,prod_yogurt_01,Greek Style Yogurt (500g),DAIRY,12
2026-08-17,store_freshmart_01,prod_rice_01,Basmati Rice (1kg),PANTRY,23
2026-08-17,store_freshmart_01,prod_apples_01,Royal Gala Apples (1kg),PRODUCE,21
2026-08-17,store_bakerydelight_02,prod_milk_01,Fresh Organic Whole Milk (1L),DAIRY,35
2026-08-17,store_bakerydelight_02,prod_bread_01,Artisan Whole Wheat Bread,BAKERY,25
2026-08-17,store_bakerydelight_02,prod_croissant_01,Butter Croissants 4-Pack,BAKERY,18
2026-08-17,store_bakerydelight_02,prod_tomatoes_01,Organic Roma Tomatoes (1kg),PRODUCE,30
2026-08-17,store_bakerydelight_02,prod_chicken_01,Fresh Chicken Breast (500g),MEAT,21
2026-08-17,store_bakerydelight_02,prod_yogurt_01,Greek Style Yogurt (500g),DAIRY,18
2026-08-17,store_bakerydelight_02,prod_rice_01,Basmati Rice (1kg),PANTRY,25
2026-08-17,store_bakerydelight_02,prod_apples_01,Royal Gala Apples (1kg),PRODUCE,18
2026-08-18,store_freshmart_01,prod_milk_01,Fresh Organic Whole Milk (1L),DAIRY,35
2026-08-18,store_freshmart_01,prod_bread_01,Artisan Whole Wheat Bread,BAKERY,28
2026-08-18,store_freshmart_01,prod_croissant_01,Butter Croissants 4-Pack,BAKERY,15
2026-08-18,store_freshmart_01,prod_tomatoes_01,Organic Roma Tomatoes (1kg),PRODUCE,27
2026-08-18,store_freshmart_01,prod_chicken_01,Fresh Chicken Breast (500g),MEAT,20
2026-08-18,store_freshmart_01,prod_yogurt_01,Greek Style Yogurt (500g),DAIRY,16
2026-08-18,store_freshmart_01,prod_rice_01,Basmati Rice (1kg),PANTRY,24
2026-08-18,store_freshmart_01,prod_apples_01,Royal Gala Apples (1kg),PRODUCE,27
2026-08-18,store_bakerydelight_02,prod_milk_01,Fresh Organic Whole Milk (1L),DAIRY,36
2026-08-18,store_bakerydelight_02,prod_bread_01,Artisan Whole Wheat Bread,BAKERY,22
2026-08-18,store_bakerydelight_02,prod_croissant_01,Butter Croissants 4-Pack,BAKERY,20
2026-08-18,store_bakerydelight_02,prod_tomatoes_01,Organic Roma Tomatoes (1kg),PRODUCE,32
2026-08-18,store_bakerydelight_02,prod_chicken_01,Fresh Chicken Breast (500g),MEAT,22
2026-08-18,store_bakerydelight_02,prod_yogurt_01,Greek Style Yogurt (500g),DAIRY,20
2026-08-18,store_bakerydelight_02,prod_rice_01,Basmati Rice (1kg),PANTRY,29
2026-08-18,store_bakerydelight_02,prod_apples_01,Royal Gala Apples (1kg),PRODUCE,25
2026-08-19,store_freshmart_01,prod_milk_01,Fresh Organic Whole Milk (1L),DAIRY,33
2026-08-19,store_freshmart_01,prod_bread_01,Artisan Whole Wheat Bread,BAKERY,29
2026-08-19,store_freshmart_01,prod_croissant_01,Butter Croissants 4-Pack,BAKERY,19
2026-08-19,store_freshmart_01,prod_tomatoes_01,Organic Roma Tomatoes (1kg),PRODUCE,28
2026-08-19,store_freshmart_01,prod_chicken_01,Fresh Chicken Breast (500g),MEAT,19
2026-08-19,store_freshmart_01,prod_yogurt_01,Greek Style Yogurt (500g),DAIRY,21
2026-08-19,store_freshmart_01,prod_rice_01,Basmati Rice (1kg),PANTRY,21
2026-08-19,store_freshmart_01,prod_apples_01,Royal Gala Apples (1kg),PRODUCE,27
2026-08-19,store_bakerydelight_02,prod_milk_01,Fresh Organic Whole Milk (1L),DAIRY,34
2026-08-19,store_bakerydelight_02,prod_bread_01,Artisan Whole Wheat Bread,BAKERY,22
2026-08-19,store_bakerydelight_02,prod_croissant_01,Butter Croissants 4-Pack,BAKERY,20
2026-08-19,store_bakerydelight_02,prod_tomatoes_01,Organic Roma Tomatoes (1kg),PRODUCE,21
2026-08-19,store_bakerydelight_02,prod_chicken_01,Fresh Chicken Breast (500g),MEAT,22
2026-08-19,store_bakerydelight_02,prod_yogurt_01,Greek Style Yogurt (500g),DAIRY,19
2026-08-19,store_bakerydelight_02,prod_rice_01,Basmati Rice (1kg),PANTRY,21
2026-08-19,store_bakerydelight_02,prod_apples_01,Royal Gala Apples (1kg),PRODUCE,23
2026-08-20,store_freshmart_01,prod_milk_01,Fresh Organic Whole Milk (1L),DAIRY,38
2026-08-20,store_freshmart_01,prod_bread_01,Artisan Whole Wheat Bread,BAKERY,24
2026-08-20,store_freshmart_01,prod_croissant_01,Butter Croissants 4-Pack,BAKERY,15
2026-08-20,store_freshmart_01,prod_tomatoes_01,Organic Roma Tomatoes (1kg),PRODUCE,32
2026-08-20,store_freshmart_01,prod_chicken_01,Fresh Chicken Breast (500g),MEAT,26
2026-08-20,store_freshmart_01,prod_yogurt_01,Greek Style Yogurt (500g),DAIRY,17
2026-08-20,store_freshmart_01,prod_rice_01,Basmati Rice (1kg),PANTRY,26
2026-08-20,store_freshmart_01,prod_apples_01,Royal Gala Apples (1kg),PRODUCE,26
2026-08-20,store_bakerydelight_02,prod_milk_01,Fresh Organic Whole Milk (1L),DAIRY,30
2026-08-20,store_bakerydelight_02,prod_bread_01,Artisan Whole Wheat Bread,BAKERY,24
2026-08-20,store_bakerydelight_02,prod_croissant_01,Butter Croissants 4-Pack,BAKERY,22
2026-08-20,store_bakerydelight_02,prod_tomatoes_01,Organic Roma Tomatoes (1kg),PRODUCE,33
2026-08-20,store_bakerydelight_02,prod_chicken_01,Fresh Chicken Breast (500g),MEAT,22
2026-08-20,store_bakerydelight_02,prod_yogurt_01,Greek Style Yogurt (500g),DAIRY,14
2026-08-20,store_bakerydelight_02,prod_rice_01,Basmati Rice (1kg),PANTRY,29
2026-08-20,store_bakerydelight_02,prod_apples_01,Royal Gala Apples (1kg),PRODUCE,21
2026-08-21,store_freshmart_01,prod_milk_01,Fresh Organic Whole Milk (1L),DAIRY,31
2026-08-21,store_freshmart_01,prod_bread_01,Artisan Whole Wheat Bread,BAKERY,27
2026-08-21,store_freshmart_01,prod_croissant_01,Butter Croissants 4-Pack,BAKERY,23
2026-08-21,store_freshmart_01,prod_tomatoes_01,Organic Roma Tomatoes (1kg),PRODUCE,30
2026-08-21,store_freshmart_01,prod_chicken_01,Fresh Chicken Breast (500g),MEAT,22
2026-08-21,store_freshmart_01,prod_yogurt_01,Greek Style Yogurt (500g),DAIRY,18
2026-08-21,store_freshmart_01,prod_rice_01,Basmati Rice (1kg),PANTRY,23
2026-08-21,store_freshmart_01,prod_apples_01,Royal Gala Apples (1kg),PRODUCE,24
2026-08-21,store_bakerydelight_02,prod_milk_01,Fresh Organic Whole Milk (1L),DAIRY,25
2026-08-21,store_bakerydelight_02,prod_bread_01,Artisan Whole Wheat Bread,BAKERY,25
2026-08-21,store_bakerydelight_02,prod_croissant_01,Butter Croissants 4-Pack,BAKERY,19
2026-08-21,store_bakerydelight_02,prod_tomatoes_01,Organic Roma Tomatoes (1kg),PRODUCE,24
2026-08-21,store_bakerydelight_02,prod_chicken_01,Fresh Chicken Breast (500g),MEAT,21
2026-08-21,store_bakerydelight_02,prod_yogurt_01,Greek Style Yogurt (500g),DAIRY,16
2026-08-21,store_bakerydelight_02,prod_rice_01,Basmati Rice (1kg),PANTRY,28
2026-08-21,store_bakerydelight_02,prod_apples_01,Royal Gala Apples (1kg),PRODUCE,27
2026-08-22,store_freshmart_01,prod_milk_01,Fresh Organic Whole Milk (1L),DAIRY,42
2026-08-22,store_freshmart_01,prod_bread_01,Artisan Whole Wheat Bread,BAKERY,34
2026-08-22,store_freshmart_01,prod_croissant_01,Butter Croissants 4-Pack,BAKERY,25
2026-08-22,store_freshmart_01,prod_tomatoes_01,Organic Roma Tomatoes (1kg),PRODUCE,36
2026-08-22,store_freshmart_01,prod_chicken_01,Fresh Chicken Breast (500g),MEAT,28
2026-08-22,store_freshmart_01,prod_yogurt_01,Greek Style Yogurt (500g),DAIRY,20
2026-08-22,store_freshmart_01,prod_rice_01,Basmati Rice (1kg),PANTRY,28
2026-08-22,store_freshmart_01,prod_apples_01,Royal Gala Apples (1kg),PRODUCE,32
2026-08-22,store_bakerydelight_02,prod_milk_01,Fresh Organic Whole Milk (1L),DAIRY,45
2026-08-22,store_bakerydelight_02,prod_bread_01,Artisan Whole Wheat Bread,BAKERY,32
2026-08-22,store_bakerydelight_02,prod_croissant_01,Butter Croissants 4-Pack,BAKERY,28
2026-08-22,store_bakerydelight_02,prod_tomatoes_01,Organic Roma Tomatoes (1kg),PRODUCE,35
2026-08-22,store_bakerydelight_02,prod_chicken_01,Fresh Chicken Breast (500g),MEAT,28
2026-08-22,store_bakerydelight_02,prod_yogurt_01,Greek Style Yogurt (500g),DAIRY,25
2026-08-22,store_bakerydelight_02,prod_rice_01,Basmati Rice (1kg),PANTRY,31
2026-08-22,store_bakerydelight_02,prod_apples_01,Royal Gala Apples (1kg),PRODUCE,31
2026-08-23,store_freshmart_01,prod_milk_01,Fresh Organic Whole Milk (1L),DAIRY,42
2026-08-23,store_freshmart_01,prod_bread_01,Artisan Whole Wheat Bread,BAKERY,34
2026-08-23,store_freshmart_01,prod_croissant_01,Butter Croissants 4-Pack,BAKERY,24
2026-08-23,store_freshmart_01,prod_tomatoes_01,Organic Roma Tomatoes (1kg),PRODUCE,35
2026-08-23,store_freshmart_01,prod_chicken_01,Fresh Chicken Breast (500g),MEAT,27
2026-08-23,store_freshmart_01,prod_yogurt_01,Greek Style Yogurt (500g),DAIRY,18
2026-08-23,store_freshmart_01,prod_rice_01,Basmati Rice (1kg),PANTRY,30
2026-08-23,store_freshmart_01,prod_apples_01,Royal Gala Apples (1kg),PRODUCE,29
2026-08-23,store_bakerydelight_02,prod_milk_01,Fresh Organic Whole Milk (1L),DAIRY,43
2026-08-23,store_bakerydelight_02,prod_bread_01,Artisan Whole Wheat Bread,BAKERY,34
2026-08-23,store_bakerydelight_02,prod_croissant_01,Butter Croissants 4-Pack,BAKERY,25
2026-08-23,store_bakerydelight_02,prod_tomatoes_01,Organic Roma Tomatoes (1kg),PRODUCE,39
2026-08-23,store_bakerydelight_02,prod_chicken_01,Fresh Chicken Breast (500g),MEAT,30
2026-08-23,store_bakerydelight_02,prod_yogurt_01,Greek Style Yogurt (500g),DAIRY,20
2026-08-23,store_bakerydelight_02,prod_rice_01,Basmati Rice (1kg),PANTRY,27
2026-08-23,store_bakerydelight_02,prod_apples_01,Royal Gala Apples (1kg),PRODUCE,27
2026-08-24,store_freshmart_01,prod_milk_01,Fresh Organic Whole Milk (1L),DAIRY,31
2026-08-24,store_freshmart_01,prod_bread_01,Artisan Whole Wheat Bread,BAKERY,25
2026-08-24,store_freshmart_01,prod_croissant_01,Butter Croissants 4-Pack,BAKERY,16
2026-08-24,store_freshmart_01,prod_tomatoes_01,Organic Roma Tomatoes (1kg),PRODUCE,24
2026-08-24,store_freshmart_01,prod_chicken_01,Fresh Chicken Breast (500g),MEAT,19
2026-08-24,store_freshmart_01,prod_yogurt_01,Greek Style Yogurt (500g),DAIRY,17
2026-08-24,store_freshmart_01,prod_rice_01,Basmati Rice (1kg),PANTRY,25
2026-08-24,store_freshmart_01,prod_apples_01,Royal Gala Apples (1kg),PRODUCE,20
2026-08-24,store_bakerydelight_02,prod_milk_01,Fresh Organic Whole Milk (1L),DAIRY,31
2026-08-24,store_bakerydelight_02,prod_bread_01,Artisan Whole Wheat Bread,BAKERY,23
2026-08-24,store_bakerydelight_02,prod_croissant_01,Butter Croissants 4-Pack,BAKERY,18
2026-08-24,store_bakerydelight_02,prod_tomatoes_01,Organic Roma Tomatoes (1kg),PRODUCE,25
2026-08-24,store_bakerydelight_02,prod_chicken_01,Fresh Chicken Breast (500g),MEAT,22
2026-08-24,store_bakerydelight_02,prod_yogurt_01,Greek Style Yogurt (500g),DAIRY,11
2026-08-24,store_bakerydelight_02,prod_rice_01,Basmati Rice (1kg),PANTRY,22
2026-08-24,store_bakerydelight_02,prod_apples_01,Royal Gala Apples (1kg),PRODUCE,23
2026-08-25,store_freshmart_01,prod_milk_01,Fresh Organic Whole Milk (1L),DAIRY,33
2026-08-25,store_freshmart_01,prod_bread_01,Artisan Whole Wheat Bread,BAKERY,34
2026-08-25,store_freshmart_01,prod_croissant_01,Butter Croissants 4-Pack,BAKERY,19
2026-08-25,store_freshmart_01,prod_tomatoes_01,Organic Roma Tomatoes (1kg),PRODUCE,25
2026-08-25,store_freshmart_01,prod_chicken_01,Fresh Chicken Breast (500g),MEAT,20
2026-08-25,store_freshmart_01,prod_yogurt_01,Greek Style Yogurt (500g),DAIRY,11
2026-08-25,store_freshmart_01,prod_rice_01,Basmati Rice (1kg),PANTRY,23
2026-08-25,store_freshmart_01,prod_apples_01,Royal Gala Apples (1kg),PRODUCE,20
2026-08-25,store_bakerydelight_02,prod_milk_01,Fresh Organic Whole Milk (1L),DAIRY,35
2026-08-25,store_bakerydelight_02,prod_bread_01,Artisan Whole Wheat Bread,BAKERY,24
2026-08-25,store_bakerydelight_02,prod_croissant_01,Butter Croissants 4-Pack,BAKERY,18
2026-08-25,store_bakerydelight_02,prod_tomatoes_01,Organic Roma Tomatoes (1kg),PRODUCE,26
2026-08-25,store_bakerydelight_02,prod_chicken_01,Fresh Chicken Breast (500g),MEAT,25
2026-08-25,store_bakerydelight_02,prod_yogurt_01,Greek Style Yogurt (500g),DAIRY,16
2026-08-25,store_bakerydelight_02,prod_rice_01,Basmati Rice (1kg),PANTRY,28
2026-08-25,store_bakerydelight_02,prod_apples_01,Royal Gala Apples (1kg),PRODUCE,25
2026-08-26,store_freshmart_01,prod_milk_01,Fresh Organic Whole Milk (1L),DAIRY,34
2026-08-26,store_freshmart_01,prod_bread_01,Artisan Whole Wheat Bread,BAKERY,27
2026-08-26,store_freshmart_01,prod_croissant_01,Butter Croissants 4-Pack,BAKERY,20
2026-08-26,store_freshmart_01,prod_tomatoes_01,Organic Roma Tomatoes (1kg),PRODUCE,22
2026-08-26,store_freshmart_01,prod_chicken_01,Fresh Chicken Breast (500g),MEAT,19
2026-08-26,store_freshmart_01,prod_yogurt_01,Greek Style Yogurt (500g),DAIRY,19
2026-08-26,store_freshmart_01,prod_rice_01,Basmati Rice (1kg),PANTRY,23
2026-08-26,store_freshmart_01,prod_apples_01,Royal Gala Apples (1kg),PRODUCE,18
2026-08-26,store_bakerydelight_02,prod_milk_01,Fresh Organic Whole Milk (1L),DAIRY,32
2026-08-26,store_bakerydelight_02,prod_bread_01,Artisan Whole Wheat Bread,BAKERY,31
2026-08-26,store_bakerydelight_02,prod_croissant_01,Butter Croissants 4-Pack,BAKERY,22
2026-08-26,store_bakerydelight_02,prod_tomatoes_01,Organic Roma Tomatoes (1kg),PRODUCE,27
2026-08-26,store_bakerydelight_02,prod_chicken_01,Fresh Chicken Breast (500g),MEAT,23
2026-08-26,store_bakerydelight_02,prod_yogurt_01,Greek Style Yogurt (500g),DAIRY,15
2026-08-26,store_bakerydelight_02,prod_rice_01,Basmati Rice (1kg),PANTRY,18
2026-08-26,store_bakerydelight_02,prod_apples_01,Royal Gala Apples (1kg),PRODUCE,19
2026-08-27,store_freshmart_01,prod_milk_01,Fresh Organic Whole Milk (1L),DAIRY,37
2026-08-27,store_freshmart_01,prod_bread_01,Artisan Whole Wheat Bread,BAKERY,25
2026-08-27,store_freshmart_01,prod_croissant_01,Butter Croissants 4-Pack,BAKERY,18
2026-08-27,store_freshmart_01,prod_tomatoes_01,Organic Roma Tomatoes (1kg),PRODUCE,27
2026-08-27,store_freshmart_01,prod_chicken_01,Fresh Chicken Breast (500g),MEAT,26
2026-08-27,store_freshmart_01,prod_yogurt_01,Greek Style Yogurt (500g),DAIRY,21
2026-08-27,store_freshmart_01,prod_rice_01,Basmati Rice (1kg),PANTRY,30
2026-08-27,store_freshmart_01,prod_apples_01,Royal Gala Apples (1kg),PRODUCE,22
2026-08-27,store_bakerydelight_02,prod_milk_01,Fresh Organic Whole Milk (1L),DAIRY,33
2026-08-27,store_bakerydelight_02,prod_bread_01,Artisan Whole Wheat Bread,BAKERY,21
2026-08-27,store_bakerydelight_02,prod_croissant_01,Butter Croissants 4-Pack,BAKERY,23
2026-08-27,store_bakerydelight_02,prod_tomatoes_01,Organic Roma Tomatoes (1kg),PRODUCE,24
2026-08-27,store_bakerydelight_02,prod_chicken_01,Fresh Chicken Breast (500g),MEAT,21
2026-08-27,store_bakerydelight_02,prod_yogurt_01,Greek Style Yogurt (500g),DAIRY,13
2026-08-27,store_bakerydelight_02,prod_rice_01,Basmati Rice (1kg),PANTRY,21
2026-08-27,store_bakerydelight_02,prod_apples_01,Royal Gala Apples (1kg),PRODUCE,20
2026-08-28,store_freshmart_01,prod_milk_01,Fresh Organic Whole Milk (1L),DAIRY,30
2026-08-28,store_freshmart_01,prod_bread_01,Artisan Whole Wheat Bread,BAKERY,24
2026-08-28,store_freshmart_01,prod_croissant_01,Butter Croissants 4-Pack,BAKERY,17
2026-08-28,store_freshmart_01,prod_tomatoes_01,Organic Roma Tomatoes (1kg),PRODUCE,30
2026-08-28,store_freshmart_01,prod_chicken_01,Fresh Chicken Breast (500g),MEAT,17
2026-08-28,store_freshmart_01,prod_yogurt_01,Greek Style Yogurt (500g),DAIRY,17
2026-08-28,store_freshmart_01,prod_rice_01,Basmati Rice (1kg),PANTRY,27
2026-08-28,store_freshmart_01,prod_apples_01,Royal Gala Apples (1kg),PRODUCE,20
2026-08-28,store_bakerydelight_02,prod_milk_01,Fresh Organic Whole Milk (1L),DAIRY,30
2026-08-28,store_bakerydelight_02,prod_bread_01,Artisan Whole Wheat Bread,BAKERY,25
2026-08-28,store_bakerydelight_02,prod_croissant_01,Butter Croissants 4-Pack,BAKERY,22
2026-08-28,store_bakerydelight_02,prod_tomatoes_01,Organic Roma Tomatoes (1kg),PRODUCE,28
2026-08-28,store_bakerydelight_02,prod_chicken_01,Fresh Chicken Breast (500g),MEAT,19
2026-08-28,store_bakerydelight_02,prod_yogurt_01,Greek Style Yogurt (500g),DAIRY,18
2026-08-28,store_bakerydelight_02,prod_rice_01,Basmati Rice (1kg),PANTRY,20
2026-08-28,store_bakerydelight_02,prod_apples_01,Royal Gala Apples (1kg),PRODUCE,24
2026-08-29,store_freshmart_01,prod_milk_01,Fresh Organic Whole Milk (1L),DAIRY,44
2026-08-29,store_freshmart_01,prod_bread_01,Artisan Whole Wheat Bread,BAKERY,34
2026-08-29,store_freshmart_01,prod_croissant_01,Butter Croissants 4-Pack,BAKERY,22
2026-08-29,store_freshmart_01,prod_tomatoes_01,Organic Roma Tomatoes (1kg),PRODUCE,34
2026-08-29,store_freshmart_01,prod_chicken_01,Fresh Chicken Breast (500g),MEAT,29
2026-08-29,store_freshmart_01,prod_yogurt_01,Greek Style Yogurt (500g),DAIRY,26
2026-08-29,store_freshmart_01,prod_rice_01,Basmati Rice (1kg),PANTRY,29
2026-08-29,store_freshmart_01,prod_apples_01,Royal Gala Apples (1kg),PRODUCE,31
2026-08-29,store_bakerydelight_02,prod_milk_01,Fresh Organic Whole Milk (1L),DAIRY,37
2026-08-29,store_bakerydelight_02,prod_bread_01,Artisan Whole Wheat Bread,BAKERY,33
2026-08-29,store_bakerydelight_02,prod_croissant_01,Butter Croissants 4-Pack,BAKERY,25
2026-08-29,store_bakerydelight_02,prod_tomatoes_01,Organic Roma Tomatoes (1kg),PRODUCE,34
2026-08-29,store_bakerydelight_02,prod_chicken_01,Fresh Chicken Breast (500g),MEAT,24
2026-08-29,store_bakerydelight_02,prod_yogurt_01,Greek Style Yogurt (500g),DAIRY,20
2026-08-29,store_bakerydelight_02,prod_rice_01,Basmati Rice (1kg),PANTRY,32
2026-08-29,store_bakerydelight_02,prod_apples_01,Royal Gala Apples (1kg),PRODUCE,29
2026-08-30,store_freshmart_01,prod_milk_01,Fresh Organic Whole Milk (1L),DAIRY,37
2026-08-30,store_freshmart_01,prod_bread_01,Artisan Whole Wheat Bread,BAKERY,28
2026-08-30,store_freshmart_01,prod_croissant_01,Butter Croissants 4-Pack,BAKERY,23
2026-08-30,store_freshmart_01,prod_tomatoes_01,Organic Roma Tomatoes (1kg),PRODUCE,38
2026-08-30,store_freshmart_01,prod_chicken_01,Fresh Chicken Breast (500g),MEAT,19
2026-08-30,store_freshmart_01,prod_yogurt_01,Greek Style Yogurt (500g),DAIRY,21
2026-08-30,store_freshmart_01,prod_rice_01,Basmati Rice (1kg),PANTRY,29
2026-08-30,store_freshmart_01,prod_apples_01,Royal Gala Apples (1kg),PRODUCE,34
2026-08-30,store_bakerydelight_02,prod_milk_01,Fresh Organic Whole Milk (1L),DAIRY,42
2026-08-30,store_bakerydelight_02,prod_bread_01,Artisan Whole Wheat Bread,BAKERY,36
2026-08-30,store_bakerydelight_02,prod_croissant_01,Butter Croissants 4-Pack,BAKERY,25
2026-08-30,store_bakerydelight_02,prod_tomatoes_01,Organic Roma Tomatoes (1kg),PRODUCE,31
2026-08-30,store_bakerydelight_02,prod_chicken_01,Fresh Chicken Breast (500g),MEAT,29
2026-08-30,store_bakerydelight_02,prod_yogurt_01,Greek Style Yogurt (500g),DAIRY,23
2026-08-30,store_bakerydelight_02,prod_rice_01,Basmati Rice (1kg),PANTRY,32
2026-08-30,store_bakerydelight_02,prod_apples_01,Royal Gala Apples (1kg),PRODUCE,41
